manager,round,worker,m_eva,ai_eva,p1,p2,p3,inventory_firstGainOrder,inventory_firstGainStep,inventory_accum_reward,inventory_rewardedGainStep,inventory_rewardedGainOrder,if_iron_axe,if_stone_axe,if_wooden_axe,sparse_reward,dense_reward,attack_effi,attack_ratio,attack_equipped,camera_mov_ratio,position_mov_ratio,torch_placed,cobblestone_placed,dirt_placed,stone_placed,if_smelt_coal,inventory_firstGainOrder_0,inventory_firstGainOrder_1,inventory_firstGainOrder_2,inventory_firstGainOrder_3,inventory_firstGainOrder_4,inventory_firstGainOrder_5,inventory_firstGainOrder_6,inventory_firstGainOrder_7,inventory_firstGainOrder_8,inventory_firstGainOrder_9,inventory_firstGainOrder_10,inventory_firstGainOrder_11,inventory_firstGainOrder_12,inventory_firstGainOrder_13,inventory_firstGainOrder_14,inventory_firstGainOrder_15,inventory_firstGainOrder_16,inventory_firstGainOrder_17,inventory_firstGainStep_0,inventory_firstGainStep_1,inventory_firstGainStep_2,inventory_firstGainStep_3,inventory_firstGainStep_4,inventory_firstGainStep_5,inventory_firstGainStep_6,inventory_firstGainStep_7,inventory_firstGainStep_8,inventory_firstGainStep_9,inventory_firstGainStep_10,inventory_firstGainStep_11,inventory_firstGainStep_12,inventory_firstGainStep_13,inventory_firstGainStep_14,inventory_firstGainStep_15,inventory_firstGainStep_16,inventory_firstGainStep_17,inventory_accum_reward_0,inventory_accum_reward_1,inventory_accum_reward_2,inventory_accum_reward_3,inventory_accum_reward_4,inventory_accum_reward_5,inventory_accum_reward_6,inventory_accum_reward_7,inventory_accum_reward_8,inventory_accum_reward_9,inventory_accum_reward_10,inventory_accum_reward_11,inventory_accum_reward_12,inventory_accum_reward_13,inventory_accum_reward_14,inventory_accum_reward_15,inventory_accum_reward_16,inventory_accum_reward_17,inventory_rewardedGainStep_0,inventory_rewardedGainStep_1,inventory_rewardedGainStep_2,inventory_rewardedGainStep_3,inventory_rewardedGainStep_4,inventory_rewardedGainStep_5,inventory_rewardedGainStep_6,inventory_rewardedGainStep_7,inventory_rewardedGainStep_8,inventory_rewardedGainStep_9,inventory_rewardedGainStep_10,inventory_rewardedGainStep_11,inventory_rewardedGainStep_12,inventory_rewardedGainStep_13,inventory_rewardedGainStep_14,inventory_rewardedGainStep_15,inventory_rewardedGainStep_16,inventory_rewardedGainStep_17,inventory_rewardedGainOrder_0,inventory_rewardedGainOrder_1,inventory_rewardedGainOrder_2,inventory_rewardedGainOrder_3,inventory_rewardedGainOrder_4,inventory_rewardedGainOrder_5,inventory_rewardedGainOrder_6,inventory_rewardedGainOrder_7,inventory_rewardedGainOrder_8,inventory_rewardedGainOrder_9,inventory_rewardedGainOrder_10,inventory_rewardedGainOrder_11,inventory_rewardedGainOrder_12,inventory_rewardedGainOrder_13,inventory_rewardedGainOrder_14,inventory_rewardedGainOrder_15,inventory_rewardedGainOrder_16,inventory_rewardedGainOrder_17,from,ai2_eva,ai2_p1,ai2_p2,ai2_p3,m_ai1,m_ai2,m_ai1_2
worker60a45d758006be79e8b07ed9,1,615d5b821a79847e2b342374,3,2,0.4398333333333333,0.4830151515151514,0.0771515151515151,1.0,2.0,0.0,1.0,2.0,0.0,0.0,0.0,483,2996.0,0.017620310723759,0.4995267840242287,0.5075786282682835,0.2960439144425515,0.3540601930721181,15.0,71.0,10.0,0.0,0.0,13.0,7.0,4.0,6.0,9.0,0.0,10.0,0.0,11.0,1.0,3.0,2.0,0.0,0.0,8.0,12.0,0.0,5.0,7713.0,2752.0,2087.0,2612.0,3743.0,0.0,4829.0,0.0,6366.0,949.0,1746.0,1404.0,0.0,0.0,3343.0,6426.0,0.0,2282.0,0.0,1296.0,20.0,0.0,96.0,0.0,1024.0,0.0,256.0,12.0,100.0,112.0,0.0,0.0,64.0,0.0,0.0,16.0,0.0,2752.0,2087.0,0.0,3743.0,0.0,4829.0,0.0,6366.0,949.0,1746.0,1404.0,0.0,0.0,3343.0,0.0,0.0,2282.0,0.0,7.0,4.0,0.0,9.0,0.0,10.0,0.0,11.0,1.0,3.0,2.0,0.0,0.0,8.0,0.0,0.0,5.0,trace-12-14,3,0.15,0.3458333333333333,0.5041666666666667,32,33,323
worker60a45d758006be79e8b07ed9,2,615d5b821a79847e2b342374,3,1,0.5545,0.3366666666666666,0.1088333333333333,0.0,2.0,0.0,1.0,1.0,0.0,0.0,0.0,227,1723.0,0.0332458442694663,0.3410922112802149,0.5940507436570429,0.2091912861832288,0.2287376902417189,5.0,53.0,1.0,0.0,0.0,7.0,8.0,4.0,0.0,10.0,0.0,11.0,0.0,0.0,2.0,3.0,5.0,0.0,0.0,9.0,1.0,0.0,6.0,4067.0,4097.0,3674.0,0.0,5931.0,0.0,6613.0,0.0,0.0,3105.0,3633.0,3692.0,0.0,0.0,4238.0,2924.0,0.0,3982.0,0.0,1136.0,8.0,0.0,32.0,0.0,384.0,0.0,0.0,5.0,62.0,56.0,0.0,0.0,32.0,0.0,0.0,8.0,0.0,4097.0,3674.0,0.0,5931.0,0.0,6613.0,0.0,0.0,3105.0,3633.0,3692.0,0.0,0.0,4238.0,0.0,0.0,3982.0,0.0,8.0,4.0,0.0,10.0,0.0,11.0,0.0,0.0,2.0,3.0,5.0,0.0,0.0,9.0,0.0,0.0,6.0,trace-12-14,3,0.10833333333333332,0.042499999999999996,0.8491666666666667,31,33,313
worker60a45d758006be79e8b07ed9,3,615d5b821a79847e2b342374,3,2,0.3893469387755102,0.4176258503401361,0.1930272108843537,2.0,2.0,0.0,1.0,2.0,0.0,0.0,0.0,483,3058.0,0.0247286959615726,0.3938480941704035,0.5513253869418253,0.1940863228699551,0.2191704035874439,3.0,110.0,0.0,0.0,0.0,10.0,1.0,5.0,8.0,11.0,0.0,12.0,0.0,13.0,3.0,4.0,6.0,0.0,0.0,9.0,2.0,0.0,7.0,6154.0,3007.0,5179.0,5531.0,8910.0,0.0,9576.0,0.0,9656.0,4758.0,5140.0,5198.0,0.0,0.0,5861.0,4627.0,0.0,5302.0,0.0,2128.0,12.0,0.0,32.0,0.0,384.0,0.0,256.0,6.0,140.0,60.0,0.0,0.0,32.0,0.0,0.0,8.0,0.0,3007.0,5179.0,0.0,8910.0,0.0,9576.0,0.0,9656.0,4758.0,5140.0,5198.0,0.0,0.0,5861.0,0.0,0.0,5302.0,0.0,1.0,5.0,0.0,11.0,0.0,12.0,0.0,13.0,3.0,4.0,6.0,0.0,0.0,9.0,0.0,0.0,7.0,trace-12-14,3,0.075,0.15833333333333333,0.7666666666666667,32,33,323
worker60a45d758006be79e8b07ed9,3,610145e14266fee313b9d264,3,2,0.3453168498168497,0.5498411588411588,0.1048419913419913,2.0,2.0,1.0,1.0,2.0,0.0,0.0,0.0,483,2003.0,0.0108780108780108,0.622822299651568,0.5508935508935509,0.2296747967479674,0.4486062717770034,1.0,29.0,1.0,0.0,0.0,0.0,7.0,8.0,6.0,10.0,0.0,11.0,0.0,12.0,2.0,3.0,4.0,0.0,0.0,9.0,1.0,0.0,5.0,0.0,3022.0,3176.0,2818.0,6050.0,0.0,6700.0,0.0,8067.0,2073.0,2408.0,2498.0,0.0,0.0,3305.0,1882.0,0.0,2569.0,0.0,1040.0,12.0,0.0,64.0,0.0,384.0,0.0,256.0,5.0,90.0,96.0,0.0,0.0,32.0,0.0,0.0,24.0,0.0,3022.0,3176.0,0.0,6050.0,0.0,6700.0,0.0,8067.0,2073.0,2408.0,2498.0,0.0,0.0,3305.0,0.0,0.0,2569.0,0.0,7.0,8.0,0.0,10.0,0.0,11.0,0.0,12.0,2.0,3.0,4.0,0.0,0.0,9.0,0.0,0.0,5.0,trace-12-14,3,0.025,0.14583333333333331,0.8291666666666666,32,33,323
worker60d681b7cb1baaaab8d901a6,1,616ea13883866ca0c836c13c,1,1,0.4822692307692308,0.4213974358974359,0.0963333333333333,2.0,2.0,2.0,2.0,2.0,0.0,1.0,0.0,483,6377.0,0.0074646682205765,0.6984359222700764,0.2541232702918006,0.1594988356997135,0.7027221958909473,304.0,234.0,156.0,0.0,0.0,0.0,8.0,6.0,1.0,10.0,0.0,11.0,0.0,12.0,2.0,3.0,5.0,0.0,13.0,9.0,4.0,0.0,7.0,0.0,4172.0,3470.0,1391.0,10853.0,0.0,14057.0,0.0,14226.0,2180.0,3095.0,3341.0,0.0,47192.0,5344.0,3173.0,0.0,3758.0,0.0,3936.0,16.0,0.0,96.0,0.0,1280.0,0.0,256.0,7.0,298.0,368.0,0.0,0.0,96.0,0.0,0.0,24.0,0.0,4172.0,3470.0,0.0,10853.0,0.0,14057.0,0.0,14226.0,2180.0,3095.0,3341.0,0.0,0.0,5344.0,0.0,0.0,3758.0,0.0,8.0,6.0,0.0,10.0,0.0,11.0,0.0,12.0,2.0,3.0,5.0,0.0,0.0,9.0,0.0,0.0,7.0,trace-12-14,1,0.7175,0.18,0.1025,11,11,111
worker60d681b7cb1baaaab8d901a6,1,5f44a14dc9c379248aa705a9,2,1,0.5172326479328295,0.3538488567693648,0.1289184952978056,2.0,1.0,0.0,2.0,2.0,0.0,1.0,0.0,227,2860.0,0.0045064689635121,0.6294694942008098,0.0924916412269225,0.3670990323244801,0.8990460503740306,135.0,74.0,2.0,0.0,0.0,0.0,8.0,5.0,2.0,10.0,0.0,12.0,0.0,0.0,3.0,4.0,6.0,0.0,11.0,9.0,1.0,0.0,7.0,0.0,38943.0,38433.0,36930.0,42310.0,0.0,43651.0,0.0,0.0,37653.0,38401.0,38509.0,0.0,43199.0,39614.0,36737.0,0.0,38577.0,0.0,1728.0,4.0,0.0,64.0,0.0,384.0,0.0,0.0,16.0,224.0,304.0,0.0,0.0,128.0,0.0,0.0,8.0,0.0,38943.0,38433.0,0.0,42310.0,0.0,43651.0,0.0,0.0,37653.0,38401.0,38509.0,0.0,0.0,39614.0,0.0,0.0,38577.0,0.0,8.0,5.0,0.0,10.0,0.0,12.0,0.0,0.0,3.0,4.0,6.0,0.0,0.0,9.0,0.0,0.0,7.0,trace-12-14,2,0.21333333333333332,0.6416666666666667,0.145,21,22,212
worker60d681b7cb1baaaab8d901a6,1,5d1cc0603690a90017b7fde9,2,1,0.506364468864469,0.4345879120879121,0.059047619047619,1.0,1.0,0.0,1.0,2.0,0.0,1.0,1.0,483,5590.0,0.0068409624936795,0.731591087126817,0.182921388417953,0.1809556967534163,0.793672208199147,212.0,105.0,26.0,0.0,0.0,15.0,8.0,5.0,10.0,11.0,0.0,13.0,0.0,14.0,1.0,3.0,4.0,0.0,9.0,12.0,2.0,7.0,6.0,42596.0,3311.0,1789.0,4435.0,5303.0,0.0,7199.0,0.0,7307.0,801.0,1073.0,1238.0,0.0,4166.0,5506.0,884.0,2715.0,2585.0,0.0,3392.0,16.0,0.0,64.0,0.0,768.0,0.0,256.0,18.0,608.0,380.0,0.0,0.0,64.0,0.0,0.0,24.0,0.0,3311.0,1789.0,0.0,5303.0,0.0,7199.0,0.0,7307.0,801.0,1073.0,1238.0,0.0,0.0,5506.0,0.0,0.0,2585.0,0.0,8.0,5.0,0.0,11.0,0.0,13.0,0.0,14.0,1.0,3.0,4.0,0.0,0.0,12.0,0.0,0.0,6.0,trace-12-14,2,0.31416666666666665,0.52,0.16583333333333333,21,22,212
worker60d681b7cb1baaaab8d901a6,2,5f44a14dc9c379248aa705a9,2,1,0.7184564461682109,0.2355049383856106,0.0460386154461784,0.0,0.0,1.0,0.0,1.0,0.0,0.0,0.0,128,512.0,0.0,0.0003885003885003,0.0,0.0543900543900543,0.0609945609945609,0.0,0.0,0.0,0.0,0.0,0.0,0.0,0.0,0.0,0.0,0.0,1.0,0.0,0.0,0.0,0.0,0.0,0.0,0.0,0.0,0.0,0.0,0.0,0.0,0.0,0.0,0.0,0.0,0.0,2501.0,0.0,0.0,0.0,0.0,0.0,0.0,0.0,0.0,0.0,0.0,0.0,0.0,0.0,0.0,0.0,0.0,0.0,512.0,0.0,0.0,0.0,0.0,0.0,0.0,0.0,0.0,0.0,0.0,0.0,0.0,0.0,0.0,0.0,0.0,0.0,2501.0,0.0,0.0,0.0,0.0,0.0,0.0,0.0,0.0,0.0,0.0,0.0,0.0,0.0,0.0,0.0,0.0,0.0,1.0,0.0,0.0,0.0,0.0,0.0,0.0,0.0,0.0,0.0,0.0,0.0,trace-12-14,2,0.008333333333333333,0.5657142857142856,0.42595238095238097,21,22,212
worker60d681b7cb1baaaab8d901a6,2,616ea13883866ca0c836c13c,2,1,0.841762884678279,0.1406032617803042,0.0176338535414165,0.0,0.0,1.0,0.0,1.0,0.0,0.0,0.0,20,52.0,0.0010266940451745,0.3732277430067697,0.0,0.2147145229275769,0.5095159024141014,9.0,0.0,7.0,0.0,0.0,2.0,3.0,1.0,4.0,0.0,0.0,0.0,0.0,0.0,0.0,0.0,0.0,0.0,0.0,0.0,0.0,0.0,0.0,3638.0,3704.0,2494.0,4061.0,0.0,0.0,0.0,0.0,0.0,0.0,0.0,0.0,0.0,0.0,0.0,0.0,0.0,0.0,0.0,48.0,4.0,0.0,0.0,0.0,0.0,0.0,0.0,0.0,0.0,0.0,0.0,0.0,0.0,0.0,0.0,0.0,0.0,3704.0,2494.0,0.0,0.0,0.0,0.0,0.0,0.0,0.0,0.0,0.0,0.0,0.0,0.0,0.0,0.0,0.0,0.0,3.0,1.0,0.0,0.0,0.0,0.0,0.0,0.0,0.0,0.0,0.0,0.0,0.0,0.0,0.0,0.0,0.0,trace-12-14,2,0.025,0.8466666666666667,0.12833333333333333,21,22,212
worker60d681b7cb1baaaab8d901a6,3,5f44a14dc9c379248aa705a9,2,1,0.4629253550543026,0.400112257917521,0.1369623870281764,0.0,0.0,1.0,1.0,1.0,0.0,0.0,0.0,407,1450.0,0.0200803212851405,0.2210386151797603,0.0152610441767068,0.2852197070572569,0.432046160674656,9.0,13.0,2.0,0.0,0.0,0.0,2.0,0.0,0.0,0.0,0.0,3.0,0.0,4.0,5.0,6.0,1.0,0.0,0.0,0.0,0.0,0.0,0.0,0.0,2462.0,0.0,0.0,0.0,0.0,5036.0,0.0,5111.0,8834.0,8917.0,1770.0,0.0,0.0,0.0,0.0,0.0,0.0,0.0,704.0,0.0,0.0,0.0,0.0,256.0,0.0,256.0,6.0,48.0,180.0,0.0,0.0,0.0,0.0,0.0,0.0,0.0,2462.0,0.0,0.0,0.0,0.0,5036.0,0.0,5111.0,8834.0,8917.0,1770.0,0.0,0.0,0.0,0.0,0.0,0.0,0.0,2.0,0.0,0.0,0.0,0.0,3.0,0.0,4.0,5.0,6.0,1.0,0.0,0.0,0.0,0.0,0.0,0.0,trace-12-14,2,0.045,0.6074999999999999,0.3475,21,22,212
worker606f0eee100e0a9f59cc0735,1,612058b64e8bd208d39fbe68,2,2,0.3930513945119208,0.4596549546944284,0.1472936507936507,0.0,2.0,1.0,1.0,2.0,0.0,1.0,0.0,227,1112.0,0.0069488313329121,0.5794289897510981,0.2872183617603706,0.3596876525134211,0.5170815031722792,0.0,20.0,13.0,0.0,0.0,10.0,7.0,3.0,6.0,11.0,0.0,12.0,0.0,0.0,1.0,2.0,4.0,0.0,9.0,8.0,0.0,0.0,5.0,7228.0,2899.0,1538.0,2711.0,7493.0,0.0,8146.0,0.0,0.0,1262.0,1506.0,1669.0,0.0,4258.0,3124.0,0.0,0.0,2251.0,0.0,368.0,20.0,0.0,32.0,0.0,384.0,0.0,0.0,10.0,114.0,112.0,0.0,0.0,64.0,0.0,0.0,8.0,0.0,2899.0,1538.0,0.0,7493.0,0.0,8146.0,0.0,0.0,1262.0,1506.0,1669.0,0.0,0.0,3124.0,0.0,0.0,2251.0,0.0,7.0,3.0,0.0,11.0,0.0,12.0,0.0,0.0,1.0,2.0,4.0,0.0,0.0,8.0,0.0,0.0,5.0,trace-12-16,2,0.14583333333333331,0.6333333333333334,0.2208333333333333,22,22,222
worker606f0eee100e0a9f59cc0735,1,601410b50be393350ee795c4,3,2,0.425421052631579,0.4436774322169058,0.1309015151515151,2.0,2.0,0.0,1.0,1.0,0.0,0.0,0.0,227,3002.0,0.0271524316892936,0.5068373835031792,0.3901013919917511,0.349272711436286,0.3908196150161135,6.0,88.0,1.0,0.0,0.0,0.0,7.0,9.0,2.0,10.0,0.0,11.0,0.0,0.0,3.0,4.0,5.0,0.0,0.0,8.0,1.0,0.0,6.0,0.0,7152.0,10036.0,4610.0,10333.0,0.0,11008.0,0.0,0.0,5065.0,5274.0,6577.0,0.0,0.0,7622.0,3947.0,0.0,6721.0,0.0,2368.0,8.0,0.0,32.0,0.0,384.0,0.0,0.0,10.0,120.0,40.0,0.0,0.0,32.0,0.0,0.0,8.0,0.0,7152.0,10036.0,0.0,10333.0,0.0,11008.0,0.0,0.0,5065.0,5274.0,6577.0,0.0,0.0,7622.0,0.0,0.0,6721.0,0.0,7.0,9.0,0.0,10.0,0.0,11.0,0.0,0.0,3.0,4.0,5.0,0.0,0.0,8.0,0.0,0.0,6.0,trace-12-16,3,0.05833333333333333,0.36666666666666664,0.575,32,33,323
worker606f0eee100e0a9f59cc0735,2,612058b64e8bd208d39fbe68,2,1,0.5418352844781636,0.3518492470267459,0.1063154684950903,0.0,0.0,1.0,0.0,1.0,0.0,0.0,0.0,180,900.0,0.0030165912518853,0.3213766359670383,0.0351935646053293,0.1622232994021651,0.2237841331394409,0.0,0.0,6.0,0.0,0.0,2.0,5.0,1.0,6.0,4.0,0.0,3.0,0.0,0.0,0.0,0.0,0.0,0.0,0.0,0.0,0.0,0.0,0.0,3862.0,4810.0,3790.0,5067.0,3865.0,0.0,3864.0,0.0,0.0,0.0,0.0,0.0,0.0,0.0,0.0,0.0,0.0,0.0,0.0,96.0,4.0,0.0,32.0,0.0,768.0,0.0,0.0,0.0,0.0,0.0,0.0,0.0,0.0,0.0,0.0,0.0,0.0,4810.0,3790.0,0.0,3865.0,0.0,3864.0,0.0,0.0,0.0,0.0,0.0,0.0,0.0,0.0,0.0,0.0,0.0,0.0,5.0,1.0,0.0,4.0,0.0,3.0,0.0,0.0,0.0,0.0,0.0,0.0,0.0,0.0,0.0,0.0,0.0,trace-12-16,2,0.008333333333333333,0.5666666666666667,0.425,21,22,212
worker606f0eee100e0a9f59cc0735,3,612058b64e8bd208d39fbe68,3,1,0.4438971916971918,0.3364464943786372,0.2196563139241711,0.0,0.0,1.0,0.0,1.0,0.0,0.0,0.0,391,1313.0,0.05,0.0001140771161305,0.0,0.0193931097421857,0.0201916495550992,0.0,0.0,0.0,0.0,0.0,0.0,0.0,0.0,0.0,0.0,0.0,1.0,0.0,5.0,3.0,2.0,4.0,0.0,0.0,0.0,0.0,0.0,0.0,0.0,0.0,0.0,0.0,0.0,0.0,3341.0,0.0,3559.0,3469.0,3462.0,3492.0,0.0,0.0,0.0,0.0,0.0,0.0,0.0,0.0,0.0,0.0,0.0,0.0,1024.0,0.0,256.0,5.0,12.0,16.0,0.0,0.0,0.0,0.0,0.0,0.0,0.0,0.0,0.0,0.0,0.0,0.0,3341.0,0.0,3559.0,3469.0,3462.0,3492.0,0.0,0.0,0.0,0.0,0.0,0.0,0.0,0.0,0.0,0.0,0.0,0.0,1.0,0.0,5.0,3.0,2.0,4.0,0.0,0.0,0.0,0.0,0.0,0.0,trace-12-16,3,0.10833333333333332,0.2890476190476191,0.6026190476190476,31,33,313
worker606f0eee100e0a9f59cc0735,2,601410b50be393350ee795c4,1,1,0.7356597248178437,0.2473492787835968,0.0169909963985594,0.0,0.0,1.0,0.0,1.0,0.0,0.0,0.0,53,312.0,0.0033050047214353,0.6345750524318386,0.0160528800755429,0.4121641865574753,0.5754519125137322,0.0,0.0,0.0,0.0,0.0,0.0,4.0,1.0,5.0,2.0,0.0,0.0,0.0,0.0,3.0,0.0,0.0,0.0,0.0,0.0,0.0,0.0,0.0,0.0,4587.0,3209.0,9802.0,3267.0,0.0,0.0,0.0,0.0,4003.0,0.0,0.0,0.0,0.0,0.0,0.0,0.0,0.0,0.0,272.0,4.0,0.0,32.0,0.0,0.0,0.0,0.0,4.0,0.0,0.0,0.0,0.0,0.0,0.0,0.0,0.0,0.0,4587.0,3209.0,0.0,3267.0,0.0,0.0,0.0,0.0,4003.0,0.0,0.0,0.0,0.0,0.0,0.0,0.0,0.0,0.0,4.0,1.0,0.0,2.0,0.0,0.0,0.0,0.0,3.0,0.0,0.0,0.0,0.0,0.0,0.0,0.0,0.0,trace-12-16,2,0.3983333333333333,0.5123809523809524,0.08928571428571427,11,12,112
worker608adf0cc8637f7f395352b1,1,60b7b8126c0c4524e913236e,3,2,0.3149120879120878,0.6039450549450549,0.0811428571428571,1.0,2.0,0.0,1.0,2.0,0.0,0.0,0.0,483,2848.0,0.0153136835172073,0.6306334371754932,0.6443273505680882,0.5202492211838006,0.5840083073727933,1.0,55.0,9.0,0.0,0.0,13.0,7.0,4.0,6.0,9.0,0.0,10.0,0.0,11.0,1.0,2.0,3.0,0.0,0.0,8.0,12.0,0.0,5.0,6635.0,2179.0,1662.0,2029.0,3242.0,0.0,4010.0,0.0,4469.0,969.0,1287.0,1590.0,0.0,0.0,3010.0,4529.0,0.0,1832.0,0.0,1360.0,16.0,0.0,64.0,0.0,768.0,0.0,256.0,8.0,200.0,96.0,0.0,0.0,64.0,0.0,0.0,16.0,0.0,2179.0,1662.0,0.0,3242.0,0.0,4010.0,0.0,4469.0,969.0,1287.0,1590.0,0.0,0.0,3010.0,0.0,0.0,1832.0,0.0,7.0,4.0,0.0,9.0,0.0,10.0,0.0,11.0,1.0,2.0,3.0,0.0,0.0,8.0,0.0,0.0,5.0,trace-12-16,2,0.18,0.5098809523809524,0.31011904761904757,32,32,322
worker608adf0cc8637f7f395352b1,1,604a724676cc5a0de7e93fd1,3,1,0.4574285714285714,0.4168333333333334,0.1257380952380952,1.0,2.0,0.0,1.0,2.0,0.0,1.0,0.0,483,4249.0,0.0253333333333333,0.4398826979472141,0.4780740740740741,0.2413815575105897,0.3017921146953405,6.0,132.0,36.0,0.0,0.0,14.0,7.0,4.0,6.0,9.0,0.0,10.0,0.0,11.0,1.0,2.0,3.0,0.0,13.0,8.0,12.0,0.0,5.0,14114.0,5900.0,4225.0,5289.0,7217.0,0.0,8061.0,0.0,8345.0,2075.0,3205.0,3905.0,0.0,11338.0,6831.0,8391.0,0.0,4851.0,0.0,2528.0,16.0,0.0,64.0,0.0,1024.0,0.0,256.0,13.0,164.0,104.0,0.0,0.0,64.0,0.0,0.0,16.0,0.0,5900.0,4225.0,0.0,7217.0,0.0,8061.0,0.0,8345.0,2075.0,3205.0,3905.0,0.0,0.0,6831.0,0.0,0.0,4851.0,0.0,7.0,4.0,0.0,9.0,0.0,10.0,0.0,11.0,1.0,2.0,3.0,0.0,0.0,8.0,0.0,0.0,5.0,trace-12-16,3,0.0,0.3383333333333333,0.6616666666666667,31,33,313
worker608adf0cc8637f7f395352b1,1,5faacca24cd0384c1fa08be1,2,2,0.4169835164835164,0.4298974358974359,0.1531190476190476,2.0,2.0,0.0,1.0,2.0,0.0,0.0,0.0,483,3421.0,0.0166512488436632,0.5814954276492738,0.6245539844059733,0.2564358718204872,0.3660185967878275,3.0,68.0,25.0,0.0,0.0,0.0,7.0,4.0,6.0,9.0,0.0,10.0,0.0,11.0,1.0,2.0,3.0,0.0,0.0,8.0,12.0,0.0,5.0,0.0,3801.0,2861.0,3534.0,5969.0,0.0,6438.0,0.0,6947.0,1764.0,2243.0,2763.0,0.0,0.0,4610.0,6994.0,0.0,3064.0,0.0,1872.0,24.0,0.0,32.0,0.0,768.0,0.0,256.0,9.0,260.0,88.0,0.0,0.0,96.0,0.0,0.0,16.0,0.0,3801.0,2861.0,0.0,5969.0,0.0,6438.0,0.0,6947.0,1764.0,2243.0,2763.0,0.0,0.0,4610.0,0.0,0.0,3064.0,0.0,7.0,4.0,0.0,9.0,0.0,10.0,0.0,11.0,1.0,2.0,3.0,0.0,0.0,8.0,0.0,0.0,5.0,trace-12-16,2,0.05833333333333333,0.675,0.26666666666666666,22,22,222
worker608adf0cc8637f7f395352b1,2,604a724676cc5a0de7e93fd1,3,1,0.6731394035616947,0.2504886476587936,0.0763719487795118,0.0,0.0,1.0,0.0,1.0,0.0,0.0,0.0,144,672.0,0.0090813831645127,0.6101875532821824,0.0,0.149616368286445,0.1736999147485081,0.0,0.0,0.0,0.0,0.0,1.0,3.0,0.0,2.0,0.0,0.0,4.0,0.0,0.0,0.0,0.0,0.0,0.0,0.0,0.0,0.0,0.0,0.0,1157.0,3750.0,0.0,1358.0,0.0,0.0,4394.0,0.0,0.0,0.0,0.0,0.0,0.0,0.0,0.0,0.0,0.0,0.0,0.0,416.0,0.0,0.0,0.0,0.0,256.0,0.0,0.0,0.0,0.0,0.0,0.0,0.0,0.0,0.0,0.0,0.0,0.0,3750.0,0.0,0.0,0.0,0.0,4394.0,0.0,0.0,0.0,0.0,0.0,0.0,0.0,0.0,0.0,0.0,0.0,0.0,3.0,0.0,0.0,0.0,0.0,4.0,0.0,0.0,0.0,0.0,0.0,0.0,0.0,0.0,0.0,0.0,0.0,trace-12-16,3,0.06666666666666667,0.32321428571428573,0.6101190476190477,31,33,313
worker608adf0cc8637f7f395352b1,2,60b7b8126c0c4524e913236e,3,2,0.4286338911002997,0.4842195169295789,0.0871465919701214,0.0,2.0,1.0,1.0,1.0,0.0,0.0,0.0,183,819.0,0.0114521300961978,0.3222140221402214,0.0032065964269354,0.3970479704797048,0.454760147601476,3.0,30.0,0.0,0.0,0.0,2.0,6.0,4.0,0.0,5.0,0.0,7.0,0.0,0.0,1.0,3.0,0.0,0.0,0.0,0.0,0.0,0.0,0.0,4020.0,6005.0,5375.0,0.0,5997.0,0.0,6330.0,0.0,0.0,3222.0,5294.0,0.0,0.0,0.0,0.0,0.0,0.0,0.0,0.0,352.0,4.0,0.0,32.0,0.0,384.0,0.0,0.0,3.0,44.0,0.0,0.0,0.0,0.0,0.0,0.0,0.0,0.0,6005.0,5375.0,0.0,5997.0,0.0,6330.0,0.0,0.0,3222.0,5294.0,0.0,0.0,0.0,0.0,0.0,0.0,0.0,0.0,6.0,4.0,0.0,5.0,0.0,7.0,0.0,0.0,1.0,3.0,0.0,0.0,0.0,0.0,0.0,0.0,0.0,trace-12-16,3,0.07499999999999998,0.15238095238095237,0.7726190476190475,32,33,323
worker608adf0cc8637f7f395352b1,3,60b7b8126c0c4524e913236e,3,1,0.5460356604180134,0.3448155377535629,0.1091488018284237,0.0,0.0,1.0,0.0,1.0,0.0,0.0,0.0,404,680.0,0.0067114093959731,0.030855249534065,0.5906040268456376,0.0478359908883826,0.0596396769517498,0.0,0.0,0.0,0.0,0.0,0.0,4.0,0.0,0.0,0.0,0.0,1.0,0.0,3.0,0.0,0.0,2.0,0.0,0.0,0.0,0.0,0.0,0.0,0.0,4714.0,0.0,0.0,0.0,0.0,1770.0,0.0,1923.0,0.0,0.0,1858.0,0.0,0.0,0.0,0.0,0.0,0.0,0.0,16.0,0.0,0.0,0.0,0.0,384.0,0.0,256.0,0.0,0.0,24.0,0.0,0.0,0.0,0.0,0.0,0.0,0.0,4714.0,0.0,0.0,0.0,0.0,1770.0,0.0,1923.0,0.0,0.0,1858.0,0.0,0.0,0.0,0.0,0.0,0.0,0.0,4.0,0.0,0.0,0.0,0.0,1.0,0.0,3.0,0.0,0.0,2.0,0.0,0.0,0.0,0.0,0.0,0.0,trace-12-16,3,0.008333333333333333,0.12416666666666665,0.8675,31,33,313
worker5ed2fdcb5353e829674f861e,1,5d575f44182f9f00a380,2,2,0.3816666666666667,0.4608484848484848,0.1574848484848484,2.0,2.0,0.0,1.0,2.0,0.0,0.0,0.0,483,4099.0,0.0262555335063349,0.5563954475963988,0.5327430926576096,0.3537455410225921,0.4933752335654833,65.0,121.0,32.0,0.0,0.0,0.0,7.0,4.0,8.0,10.0,0.0,11.0,0.0,12.0,2.0,3.0,5.0,0.0,0.0,9.0,1.0,0.0,6.0,0.0,2348.0,1057.0,2672.0,5055.0,0.0,5457.0,0.0,5818.0,679.0,969.0,1061.0,0.0,0.0,3853.0,392.0,0.0,2062.0,0.0,2512.0,20.0,0.0,64.0,0.0,768.0,0.0,256.0,15.0,228.0,156.0,0.0,0.0,64.0,0.0,0.0,16.0,0.0,2348.0,1057.0,0.0,5055.0,0.0,5457.0,0.0,5818.0,679.0,969.0,1061.0,0.0,0.0,3853.0,0.0,0.0,2062.0,0.0,7.0,4.0,0.0,10.0,0.0,11.0,0.0,12.0,2.0,3.0,5.0,0.0,0.0,9.0,0.0,0.0,6.0,test-12-26,2,0.06333333333333332,0.8083333333333333,0.12833333333333335,22,22,222
worker5ed2fdcb5353e829674f861e,1,616d98eb781483f580b76f4a,2,2,0.2037097069597069,0.6744053724053722,0.1218849206349206,2.0,2.0,1.0,1.0,2.0,0.0,0.0,0.0,483,1739.0,0.0051449953227315,0.566507684154743,0.323666978484565,0.4353471118177,0.4891361950185479,38.0,20.0,30.0,0.0,0.0,0.0,8.0,5.0,2.0,10.0,0.0,11.0,0.0,12.0,3.0,4.0,6.0,0.0,0.0,9.0,1.0,0.0,7.0,0.0,2921.0,1221.0,556.0,4205.0,0.0,4916.0,0.0,5101.0,991.0,1180.0,1282.0,0.0,0.0,3807.0,366.0,0.0,1910.0,0.0,320.0,28.0,0.0,64.0,0.0,768.0,0.0,256.0,13.0,90.0,120.0,0.0,0.0,64.0,0.0,0.0,16.0,0.0,2921.0,1221.0,0.0,4205.0,0.0,4916.0,0.0,5101.0,991.0,1180.0,1282.0,0.0,0.0,3807.0,0.0,0.0,1910.0,0.0,8.0,5.0,0.0,10.0,0.0,11.0,0.0,12.0,3.0,4.0,6.0,0.0,0.0,9.0,0.0,0.0,7.0,test-12-26,2,0.0625,0.8375,0.1,22,22,222
worker5ed2fdcb5353e829674f861e,2,5d575f44182f9f00a380,3,1,0.4932630718954249,0.3719929971988796,0.1347439309056956,0.0,2.0,1.0,1.0,1.0,0.0,0.0,0.0,195,705.0,0.0046160302140159,0.3472748469833868,0.6407889215274863,0.225007286505392,0.3341591372777616,1.0,40.0,11.0,0.0,0.0,0.0,7.0,3.0,6.0,0.0,0.0,9.0,0.0,0.0,1.0,2.0,4.0,0.0,0.0,8.0,0.0,0.0,5.0,0.0,3983.0,3562.0,3723.0,0.0,0.0,6512.0,0.0,0.0,3182.0,3486.0,3565.0,0.0,0.0,5156.0,0.0,0.0,3661.0,0.0,96.0,4.0,0.0,0.0,0.0,384.0,0.0,0.0,5.0,88.0,88.0,0.0,0.0,32.0,0.0,0.0,8.0,0.0,3983.0,3562.0,0.0,0.0,0.0,6512.0,0.0,0.0,3182.0,3486.0,3565.0,0.0,0.0,5156.0,0.0,0.0,3661.0,0.0,7.0,3.0,0.0,0.0,0.0,9.0,0.0,0.0,1.0,2.0,4.0,0.0,0.0,8.0,0.0,0.0,5.0,test-12-26,3,0.0375,0.32916666666666666,0.6333333333333333,31,33,313
worker5ed2fdcb5353e829674f861e,2,616d98eb781483f580b76f4a,2,2,0.4020529021829937,0.4992404035450946,0.0987066942719116,0.0,2.0,1.0,1.0,1.0,0.0,0.0,0.0,163,1205.0,0.0147507629704984,0.4770686726522689,0.1279247202441505,0.375879640863868,0.5040038825527785,1.0,36.0,14.0,0.0,0.0,0.0,7.0,6.0,8.0,0.0,0.0,9.0,0.0,0.0,2.0,3.0,4.0,0.0,0.0,0.0,1.0,0.0,5.0,0.0,5985.0,3505.0,6425.0,0.0,0.0,8151.0,0.0,0.0,2707.0,3125.0,3134.0,0.0,0.0,0.0,2301.0,0.0,3348.0,0.0,752.0,8.0,0.0,0.0,0.0,384.0,0.0,0.0,11.0,6.0,36.0,0.0,0.0,0.0,0.0,0.0,8.0,0.0,5985.0,3505.0,0.0,0.0,0.0,8151.0,0.0,0.0,2707.0,3125.0,3134.0,0.0,0.0,0.0,0.0,0.0,3348.0,0.0,7.0,6.0,0.0,0.0,0.0,9.0,0.0,0.0,2.0,3.0,4.0,0.0,0.0,0.0,0.0,0.0,5.0,test-12-26,2,0.016666666666666666,0.6775,0.30583333333333335,22,22,222
worker5ed2fdcb5353e829674f861e,3,616d98eb781483f580b76f4a,3,1,0.5878531746031745,0.313642857142857,0.0985039682539682,2.0,2.0,1.0,1.0,2.0,0.0,0.0,0.0,483,1007.0,0.0213618157543391,0.1675427804496141,0.2997329773030707,0.1376803489542556,0.1693322894530813,7.0,22.0,3.0,0.0,0.0,0.0,7.0,3.0,0.0,9.0,0.0,10.0,0.0,11.0,2.0,4.0,5.0,0.0,0.0,8.0,1.0,0.0,6.0,0.0,3712.0,3387.0,0.0,4369.0,0.0,5093.0,0.0,5219.0,2239.0,3488.0,3523.0,0.0,0.0,3933.0,2046.0,0.0,3586.0,0.0,176.0,4.0,0.0,32.0,0.0,384.0,0.0,256.0,21.0,38.0,48.0,0.0,0.0,32.0,0.0,0.0,16.0,0.0,3712.0,3387.0,0.0,4369.0,0.0,5093.0,0.0,5219.0,2239.0,3488.0,3523.0,0.0,0.0,3933.0,0.0,0.0,3586.0,0.0,7.0,3.0,0.0,9.0,0.0,10.0,0.0,11.0,2.0,4.0,5.0,0.0,0.0,8.0,0.0,0.0,6.0,test-12-26,3,0.03333333333333333,0.03333333333333333,0.9333333333333333,31,33,313
worker5ed2fdcb5353e829674f861e,3,5d575f44182f9f00a380,2,2,0.3923168498168498,0.4508260073260073,0.1568571428571428,2.0,2.0,0.0,1.0,2.0,0.0,0.0,0.0,483,2826.0,0.0105310329374859,0.4693695114897197,0.2264172081559489,0.2579271178419309,0.3751380343902823,4.0,62.0,5.0,0.0,0.0,0.0,4.0,6.0,12.0,10.0,0.0,11.0,0.0,3.0,5.0,2.0,7.0,0.0,0.0,9.0,1.0,0.0,8.0,0.0,3724.0,4849.0,18483.0,7912.0,0.0,8221.0,0.0,3294.0,4311.0,167.0,4852.0,0.0,0.0,7626.0,107.0,0.0,4995.0,0.0,1408.0,8.0,0.0,32.0,0.0,384.0,0.0,768.0,6.0,124.0,56.0,0.0,0.0,32.0,0.0,0.0,8.0,0.0,3724.0,4849.0,0.0,7912.0,0.0,8221.0,0.0,3294.0,4311.0,167.0,4852.0,0.0,0.0,7626.0,0.0,0.0,4995.0,0.0,4.0,6.0,0.0,10.0,0.0,11.0,0.0,3.0,5.0,2.0,7.0,0.0,0.0,9.0,0.0,0.0,8.0,test-12-26,2,0.08333333333333333,0.5916666666666666,0.32499999999999996,22,22,222
worker5fc0651e0985e84f652efe5e,1,5edaa4924ea9bd6f14f3d618,2,2,0.4000311355311355,0.4773260073260073,0.1226428571428571,2.0,2.0,1.0,1.0,2.0,0.0,0.0,0.0,483,2610.0,0.0196962505932605,0.3933171551241366,0.3189368770764119,0.2948478626096696,0.4103042747806608,135.0,59.0,17.0,0.0,0.0,0.0,8.0,5.0,7.0,10.0,0.0,11.0,0.0,12.0,2.0,3.0,4.0,0.0,0.0,9.0,1.0,0.0,6.0,0.0,3496.0,2448.0,2955.0,4934.0,0.0,6346.0,0.0,6415.0,1302.0,2338.0,2396.0,0.0,0.0,4572.0,976.0,0.0,2591.0,0.0,976.0,12.0,0.0,64.0,0.0,768.0,0.0,256.0,22.0,336.0,96.0,0.0,0.0,64.0,0.0,0.0,16.0,0.0,3496.0,2448.0,0.0,4934.0,0.0,6346.0,0.0,6415.0,1302.0,2338.0,2396.0,0.0,0.0,4572.0,0.0,0.0,2591.0,0.0,8.0,5.0,0.0,10.0,0.0,11.0,0.0,12.0,2.0,3.0,4.0,0.0,0.0,9.0,0.0,0.0,6.0,test-12-26,3,0.04583333333333332,0.32083333333333336,0.6333333333333333,22,23,223
worker5fc0651e0985e84f652efe5e,2,5edaa4924ea9bd6f14f3d618,3,1,0.5426329035257826,0.3649325803600792,0.0924345161141379,0.0,0.0,1.0,0.0,1.0,0.0,0.0,0.0,227,660.0,0.0025839793281653,0.8118881118881119,0.1246052253804191,0.2149184149184149,0.3,1.0,7.0,0.0,0.0,0.0,10.0,6.0,8.0,0.0,7.0,0.0,11.0,0.0,0.0,2.0,3.0,4.0,0.0,0.0,9.0,1.0,0.0,5.0,3882.0,2750.0,3017.0,0.0,2917.0,0.0,4181.0,0.0,0.0,2181.0,2438.0,2477.0,0.0,0.0,3452.0,2035.0,0.0,2539.0,0.0,80.0,4.0,0.0,32.0,0.0,384.0,0.0,0.0,4.0,68.0,48.0,0.0,0.0,32.0,0.0,0.0,8.0,0.0,2750.0,3017.0,0.0,2917.0,0.0,4181.0,0.0,0.0,2181.0,2438.0,2477.0,0.0,0.0,3452.0,0.0,0.0,2539.0,0.0,6.0,8.0,0.0,7.0,0.0,11.0,0.0,0.0,2.0,3.0,4.0,0.0,0.0,9.0,0.0,0.0,5.0,test-12-26,3,0.058333333333333334,0.1375,0.8041666666666666,31,33,313
worker5fc0651e0985e84f652efe5e,3,5edaa4924ea9bd6f14f3d618,1,1,0.4113048654244307,0.367103519668737,0.2215916149068323,2.0,2.0,1.0,1.0,2.0,0.0,0.0,0.0,483,1218.0,0.0061422159225135,0.530717151454363,0.3378218757382471,0.2570210631895687,0.3628385155466399,4.0,20.0,0.0,0.0,0.0,0.0,7.0,6.0,0.0,9.0,0.0,10.0,0.0,11.0,2.0,3.0,4.0,0.0,0.0,8.0,1.0,0.0,5.0,0.0,2633.0,2286.0,0.0,4682.0,0.0,5410.0,0.0,5756.0,1591.0,1978.0,2042.0,0.0,0.0,2818.0,1466.0,0.0,2102.0,0.0,320.0,8.0,0.0,32.0,0.0,384.0,0.0,256.0,6.0,108.0,64.0,0.0,0.0,32.0,0.0,0.0,8.0,0.0,2633.0,2286.0,0.0,4682.0,0.0,5410.0,0.0,5756.0,1591.0,1978.0,2042.0,0.0,0.0,2818.0,0.0,0.0,2102.0,0.0,7.0,6.0,0.0,9.0,0.0,10.0,0.0,11.0,2.0,3.0,4.0,0.0,0.0,8.0,0.0,0.0,5.0,test-12-26,3,0.3366666666666667,0.18333333333333332,0.48,11,13,113
worker5fc0651e0985e84f652efe5e,1,5c6acdb4755ed2000170bb34,1,1,0.521564586754242,0.3393740608050954,0.1390613524406627,2.0,1.0,2.0,2.0,2.0,0.0,0.0,0.0,483,13936.0,0.0251002795672784,0.8284369257105455,0.817156922328917,0.3332578103365808,0.3998690934722956,136.0,653.0,7.0,0.0,0.0,0.0,6.0,4.0,8.0,10.0,0.0,11.0,0.0,12.0,1.0,2.0,3.0,0.0,0.0,7.0,9.0,0.0,5.0,0.0,3653.0,2492.0,24518.0,26413.0,0.0,26911.0,0.0,27676.0,1251.0,1546.0,2357.0,0.0,0.0,3860.0,25229.0,0.0,2958.0,0.0,12832.0,20.0,0.0,64.0,0.0,384.0,0.0,256.0,24.0,132.0,104.0,0.0,0.0,96.0,0.0,0.0,24.0,0.0,3653.0,2492.0,0.0,26413.0,0.0,26911.0,0.0,27676.0,1251.0,1546.0,2357.0,0.0,0.0,3860.0,0.0,0.0,2958.0,0.0,6.0,4.0,0.0,10.0,0.0,11.0,0.0,12.0,1.0,2.0,3.0,0.0,0.0,7.0,0.0,0.0,5.0,test-12-26,1,0.4958333333333333,0.3608333333333333,0.14333333333333334,11,11,111
worker5fc0651e0985e84f652efe5e,2,5c6acdb4755ed2000170bb34,1,1,0.5870833333333334,0.3427500000000001,0.0701666666666666,0.0,2.0,1.0,1.0,1.0,0.0,0.0,1.0,227,1619.0,0.0086756825720847,0.6814467049208833,0.6907374330186272,0.3314206225004347,0.4167970787689097,21.0,189.0,0.0,0.0,0.0,0.0,8.0,3.0,0.0,10.0,0.0,11.0,0.0,0.0,2.0,5.0,4.0,0.0,0.0,9.0,1.0,7.0,6.0,0.0,5368.0,4184.0,0.0,10663.0,0.0,11416.0,0.0,0.0,3695.0,4249.0,4226.0,0.0,0.0,5908.0,3457.0,4489.0,4356.0,0.0,944.0,12.0,0.0,32.0,0.0,384.0,0.0,0.0,9.0,150.0,48.0,0.0,0.0,32.0,0.0,0.0,8.0,0.0,5368.0,4184.0,0.0,10663.0,0.0,11416.0,0.0,0.0,3695.0,4249.0,4226.0,0.0,0.0,5908.0,0.0,0.0,4356.0,0.0,8.0,3.0,0.0,10.0,0.0,11.0,0.0,0.0,2.0,5.0,4.0,0.0,0.0,9.0,0.0,0.0,6.0,test-12-26,1,0.5624999999999999,0.17583333333333334,0.26166666666666666,11,11,111
worker5fc0651e0985e84f652efe5e,3,5c6acdb4755ed2000170bb34,1,2,0.3884695575144758,0.3981991845117981,0.2133312579737262,2.0,1.0,0.0,1.0,2.0,0.0,0.0,0.0,483,3658.0,0.0190092165898617,0.4587010516302912,0.5457373271889401,0.2290334513554933,0.3039158695767056,64.0,125.0,0.0,0.0,0.0,11.0,7.0,4.0,0.0,9.0,0.0,10.0,0.0,12.0,2.0,3.0,5.0,0.0,0.0,8.0,1.0,0.0,6.0,11450.0,4030.0,3099.0,0.0,10199.0,0.0,11225.0,0.0,12505.0,2503.0,3043.0,3445.0,0.0,0.0,7971.0,2298.0,0.0,3516.0,0.0,2544.0,20.0,0.0,64.0,0.0,640.0,0.0,256.0,6.0,40.0,48.0,0.0,0.0,32.0,0.0,0.0,8.0,0.0,4030.0,3099.0,0.0,10199.0,0.0,11225.0,0.0,12505.0,2503.0,3043.0,3445.0,0.0,0.0,7971.0,0.0,0.0,3516.0,0.0,7.0,4.0,0.0,9.0,0.0,10.0,0.0,12.0,2.0,3.0,5.0,0.0,0.0,8.0,0.0,0.0,6.0,test-12-26,3,0.17916666666666664,0.2458333333333333,0.575,12,13,123
workerkalbaser222,1,5fc0651e0985e84f652efe5e,1,2,0.4157311355311356,0.5042688644688643,0.0799999999999999,2.0,2.0,0.0,1.0,2.0,0.0,0.0,0.0,483,4929.0,0.003077617183094,0.6344278383185786,0.0870272796119946,0.1696448651632557,0.8665126454171863,65.0,170.0,56.0,0.0,0.0,0.0,7.0,4.0,6.0,9.0,0.0,10.0,0.0,11.0,1.0,2.0,3.0,0.0,0.0,8.0,12.0,0.0,5.0,0.0,3691.0,2306.0,2589.0,6676.0,0.0,7458.0,0.0,7827.0,1289.0,1474.0,1539.0,0.0,0.0,5276.0,7874.0,0.0,2453.0,0.0,2720.0,12.0,0.0,128.0,0.0,1152.0,0.0,512.0,21.0,124.0,132.0,0.0,0.0,96.0,0.0,0.0,32.0,0.0,3691.0,2306.0,0.0,6676.0,0.0,7458.0,0.0,7827.0,1289.0,1474.0,1539.0,0.0,0.0,5276.0,0.0,0.0,2453.0,0.0,7.0,4.0,0.0,9.0,0.0,10.0,0.0,11.0,1.0,2.0,3.0,0.0,0.0,8.0,0.0,0.0,5.0,test-12-26,1,0.6099999999999999,0.29083333333333333,0.09916666666666665,12,11,121
worker5f359a0aa0b9125a3c6b8fff,1,5f8893a5e2f88a04b1833278,1,2,0.3960912698412698,0.5086111111111111,0.095297619047619,1.0,2.0,0.0,1.0,2.0,0.0,0.0,0.0,483,2398.0,0.0123589468027941,0.6676832002870212,0.265583019881784,0.265853439770383,0.3147367476903758,3.0,62.0,13.0,0.0,0.0,13.0,7.0,4.0,6.0,9.0,0.0,10.0,0.0,11.0,1.0,2.0,3.0,0.0,0.0,8.0,12.0,0.0,5.0,9007.0,4370.0,3333.0,4026.0,5580.0,0.0,6610.0,0.0,6743.0,1772.0,2300.0,2464.0,0.0,0.0,5125.0,6788.0,0.0,3656.0,0.0,1024.0,16.0,0.0,64.0,0.0,768.0,0.0,256.0,28.0,54.0,108.0,0.0,0.0,64.0,0.0,0.0,16.0,0.0,4370.0,3333.0,0.0,5580.0,0.0,6610.0,0.0,6743.0,1772.0,2300.0,2464.0,0.0,0.0,5125.0,0.0,0.0,3656.0,0.0,7.0,4.0,0.0,9.0,0.0,10.0,0.0,11.0,1.0,2.0,3.0,0.0,0.0,8.0,0.0,0.0,5.0,test-12-29,3,0.40750000000000003,0.15916666666666668,0.4333333333333333,12,13,123
worker5f359a0aa0b9125a3c6b8fff,1,60e03b0a759b4850df25f739,2,2,0.2787930402930402,0.5852545787545788,0.1359523809523809,1.0,2.0,1.0,1.0,2.0,0.0,0.0,0.0,483,2283.0,0.0123140071831708,0.5469086147226639,0.4239781084316744,0.5006079880273127,0.6104199794219437,4.0,57.0,29.0,0.0,0.0,13.0,7.0,4.0,6.0,9.0,0.0,10.0,0.0,11.0,1.0,2.0,3.0,0.0,0.0,8.0,12.0,0.0,5.0,7361.0,2480.0,1389.0,1843.0,4257.0,0.0,4579.0,0.0,5341.0,855.0,1295.0,1309.0,0.0,0.0,2911.0,5401.0,0.0,1624.0,0.0,944.0,16.0,0.0,64.0,0.0,768.0,0.0,256.0,13.0,30.0,80.0,0.0,0.0,96.0,0.0,0.0,16.0,0.0,2480.0,1389.0,0.0,4257.0,0.0,4579.0,0.0,5341.0,855.0,1295.0,1309.0,0.0,0.0,2911.0,0.0,0.0,1624.0,0.0,7.0,4.0,0.0,9.0,0.0,10.0,0.0,11.0,1.0,2.0,3.0,0.0,0.0,8.0,0.0,0.0,5.0,test-12-29,2,0.12583333333333332,0.7033333333333334,0.17083333333333334,22,22,222
worker5f359a0aa0b9125a3c6b8fff,1,606d1baf2294880951ea754b,2,1,0.4476507936507936,0.427611111111111,0.1247380952380952,1.0,2.0,2.0,1.0,2.0,0.0,0.0,0.0,483,5272.0,0.0237216171312534,0.6950664014884198,0.6295920251061473,0.3182138961955476,0.3513825623917367,29.0,83.0,15.0,0.0,0.0,13.0,8.0,4.0,6.0,10.0,0.0,11.0,0.0,12.0,1.0,2.0,3.0,0.0,0.0,9.0,7.0,0.0,5.0,10612.0,3811.0,2208.0,3464.0,4918.0,0.0,5320.0,0.0,5806.0,1495.0,1736.0,2033.0,0.0,0.0,4085.0,3751.0,0.0,3213.0,0.0,3696.0,16.0,0.0,64.0,0.0,768.0,0.0,256.0,26.0,102.0,200.0,0.0,0.0,128.0,0.0,0.0,16.0,0.0,3811.0,2208.0,0.0,4918.0,0.0,5320.0,0.0,5806.0,1495.0,1736.0,2033.0,0.0,0.0,4085.0,0.0,0.0,3213.0,0.0,8.0,4.0,0.0,10.0,0.0,11.0,0.0,12.0,1.0,2.0,3.0,0.0,0.0,9.0,0.0,0.0,5.0,test-12-29,2,0.25,0.5823809523809522,0.1676190476190476,21,22,212
worker5f359a0aa0b9125a3c6b8fff,2,606d1baf2294880951ea754b,3,2,0.4444285714285714,0.4579999999999999,0.0975714285714285,2.0,2.0,0.0,1.0,2.0,0.0,0.0,0.0,227,2575.0,0.0314404094564952,0.5646848334709607,0.8147696807214233,0.2387833746215249,0.2650701899256812,12.0,163.0,17.0,0.0,0.0,10.0,8.0,4.0,7.0,11.0,0.0,12.0,0.0,0.0,2.0,3.0,5.0,0.0,0.0,9.0,1.0,0.0,6.0,3937.0,2824.0,2327.0,2525.0,6319.0,0.0,6743.0,0.0,0.0,1960.0,2279.0,2416.0,0.0,0.0,2982.0,1755.0,0.0,2480.0,0.0,1984.0,8.0,0.0,32.0,0.0,384.0,0.0,0.0,5.0,90.0,32.0,0.0,0.0,32.0,0.0,0.0,8.0,0.0,2824.0,2327.0,0.0,6319.0,0.0,6743.0,0.0,0.0,1960.0,2279.0,2416.0,0.0,0.0,2982.0,0.0,0.0,2480.0,0.0,8.0,4.0,0.0,11.0,0.0,12.0,0.0,0.0,2.0,3.0,5.0,0.0,0.0,9.0,0.0,0.0,6.0,test-12-29,3,0.05416666666666666,0.21666666666666665,0.7291666666666667,32,33,323
worker5f359a0aa0b9125a3c6b8fff,2,60e03b0a759b4850df25f739,3,2,0.2866071428571428,0.6477857142857143,0.0656071428571428,0.0,2.0,0.0,1.0,1.0,0.0,0.0,0.0,227,1823.0,0.0178652193577566,0.4951847704367301,0.54161013116237,0.3973124300111982,0.5781634938409854,5.0,8.0,17.0,0.0,0.0,12.0,8.0,5.0,3.0,10.0,0.0,9.0,0.0,0.0,2.0,4.0,6.0,0.0,0.0,11.0,1.0,0.0,7.0,7824.0,4197.0,3652.0,3363.0,4393.0,0.0,4385.0,0.0,0.0,3341.0,3647.0,3827.0,0.0,0.0,4504.0,3187.0,0.0,3851.0,0.0,1152.0,16.0,0.0,32.0,0.0,512.0,0.0,0.0,7.0,36.0,28.0,0.0,0.0,32.0,0.0,0.0,8.0,0.0,4197.0,3652.0,0.0,4393.0,0.0,4385.0,0.0,0.0,3341.0,3647.0,3827.0,0.0,0.0,4504.0,0.0,0.0,3851.0,0.0,8.0,5.0,0.0,10.0,0.0,9.0,0.0,0.0,2.0,4.0,6.0,0.0,0.0,11.0,0.0,0.0,7.0,test-12-29,2,0.03833333333333333,0.6433333333333333,0.31833333333333336,32,32,322
worker5f359a0aa0b9125a3c6b8fff,2,5f8893a5e2f88a04b1833278,3,2,0.3618057991312467,0.5146544066902123,0.1235397941785409,0.0,2.0,1.0,1.0,1.0,0.0,1.0,0.0,227,1500.0,0.0147233436238423,0.3181955568988968,0.6129185466635003,0.3869578358772857,0.5466223364062264,0.0,40.0,4.0,0.0,0.0,12.0,4.0,6.0,13.0,2.0,0.0,1.0,0.0,0.0,8.0,9.0,3.0,0.0,5.0,11.0,7.0,0.0,10.0,6599.0,3902.0,4250.0,8146.0,3700.0,0.0,3621.0,0.0,0.0,4735.0,5484.0,3806.0,0.0,4187.0,5797.0,4503.0,0.0,5584.0,0.0,736.0,12.0,0.0,64.0,0.0,512.0,0.0,0.0,16.0,40.0,80.0,0.0,0.0,32.0,0.0,0.0,8.0,0.0,3902.0,4250.0,0.0,3700.0,0.0,3621.0,0.0,0.0,4735.0,5484.0,3806.0,0.0,0.0,5797.0,0.0,0.0,5584.0,0.0,4.0,6.0,0.0,2.0,0.0,1.0,0.0,0.0,8.0,9.0,3.0,0.0,0.0,11.0,0.0,0.0,10.0,test-12-29,3,0.016666666666666666,0.325,0.6583333333333333,32,33,323
worker5f359a0aa0b9125a3c6b8fff,3,606d1baf2294880951ea754b,3,2,0.4050868324657799,0.4256193222817283,0.1692938452524918,0.0,0.0,0.0,0.0,1.0,0.0,0.0,0.0,436,1908.0,0.0222800925925925,0.4725184577522559,0.1171875,0.1359037462400875,0.1795187312004375,4.0,81.0,0.0,0.0,0.0,4.0,1.0,2.0,0.0,3.0,0.0,5.0,0.0,6.0,0.0,0.0,0.0,0.0,0.0,0.0,0.0,0.0,0.0,3692.0,2279.0,3177.0,0.0,3293.0,0.0,3906.0,0.0,4447.0,0.0,0.0,0.0,0.0,0.0,0.0,0.0,0.0,0.0,0.0,1232.0,4.0,0.0,32.0,0.0,384.0,0.0,256.0,0.0,0.0,0.0,0.0,0.0,0.0,0.0,0.0,0.0,0.0,2279.0,3177.0,0.0,3293.0,0.0,3906.0,0.0,4447.0,0.0,0.0,0.0,0.0,0.0,0.0,0.0,0.0,0.0,0.0,1.0,2.0,0.0,3.0,0.0,5.0,0.0,6.0,0.0,0.0,0.0,0.0,0.0,0.0,0.0,0.0,0.0,test-12-29,3,0.05,0.1825,0.7675,32,33,323
worker5f359a0aa0b9125a3c6b8fff,3,60e03b0a759b4850df25f739,3,1,0.4900027544351074,0.4598485527544351,0.0501486928104575,0.0,2.0,1.0,1.0,1.0,0.0,0.0,0.0,443,970.0,0.002932551319648,0.1194953860530311,0.1006842619745845,0.1969396098586613,0.2463497254993575,0.0,67.0,0.0,0.0,0.0,1.0,3.0,5.0,0.0,2.0,0.0,7.0,0.0,10.0,6.0,8.0,9.0,0.0,0.0,0.0,4.0,0.0,0.0,1393.0,1676.0,5680.0,0.0,1401.0,0.0,6139.0,0.0,6321.0,5767.0,6269.0,6297.0,0.0,0.0,0.0,5465.0,0.0,0.0,0.0,16.0,4.0,0.0,32.0,0.0,640.0,0.0,256.0,2.0,12.0,8.0,0.0,0.0,0.0,0.0,0.0,0.0,0.0,1676.0,5680.0,0.0,1401.0,0.0,6139.0,0.0,6321.0,5767.0,6269.0,6297.0,0.0,0.0,0.0,0.0,0.0,0.0,0.0,3.0,5.0,0.0,2.0,0.0,7.0,0.0,10.0,6.0,8.0,9.0,0.0,0.0,0.0,0.0,0.0,0.0,test-12-29,3,0.016666666666666666,0.1925,0.7908333333333333,31,33,313
worker5f359a0aa0b9125a3c6b8fff,3,5f8893a5e2f88a04b1833278,3,2,0.3530985162180814,0.3895162180814355,0.2573852657004831,2.0,2.0,1.0,1.0,2.0,0.0,1.0,0.0,483,1526.0,0.014738945790657,0.3069785276073619,0.1998501124156882,0.211963190184049,0.2989263803680981,0.0,46.0,1.0,0.0,0.0,11.0,7.0,2.0,6.0,10.0,0.0,12.0,0.0,13.0,1.0,3.0,4.0,0.0,9.0,8.0,0.0,0.0,5.0,7657.0,6076.0,3133.0,5898.0,7409.0,0.0,8417.0,0.0,8565.0,2756.0,3256.0,3275.0,0.0,6955.0,6502.0,0.0,0.0,3389.0,0.0,720.0,12.0,0.0,32.0,0.0,384.0,0.0,256.0,14.0,20.0,48.0,0.0,0.0,32.0,0.0,0.0,8.0,0.0,6076.0,3133.0,0.0,7409.0,0.0,8417.0,0.0,8565.0,2756.0,3256.0,3275.0,0.0,0.0,6502.0,0.0,0.0,3389.0,0.0,7.0,2.0,0.0,10.0,0.0,12.0,0.0,13.0,1.0,3.0,4.0,0.0,0.0,8.0,0.0,0.0,5.0,test-12-29,3,0.13333333333333333,0.22499999999999995,0.6416666666666667,32,33,323
worker5f3a851741c4f9694eafe24a,1,5c0682910ac58a00011568a5,3,2,0.3599835164835164,0.4922307692307692,0.1477857142857143,2.0,2.0,1.0,1.0,2.0,0.0,0.0,0.0,483,2173.0,0.012660991049989,0.5281300438090846,0.4806810740013097,0.3421720083006687,0.4262162785335485,4.0,43.0,17.0,0.0,0.0,0.0,7.0,4.0,6.0,9.0,0.0,10.0,0.0,11.0,1.0,2.0,3.0,0.0,0.0,8.0,12.0,0.0,5.0,0.0,2109.0,1298.0,1670.0,3651.0,0.0,4192.0,0.0,4658.0,761.0,1205.0,1230.0,0.0,0.0,3276.0,4718.0,0.0,1516.0,0.0,688.0,20.0,0.0,64.0,0.0,768.0,0.0,256.0,15.0,142.0,140.0,0.0,0.0,64.0,0.0,0.0,16.0,0.0,2109.0,1298.0,0.0,3651.0,0.0,4192.0,0.0,4658.0,761.0,1205.0,1230.0,0.0,0.0,3276.0,0.0,0.0,1516.0,0.0,7.0,4.0,0.0,9.0,0.0,10.0,0.0,11.0,1.0,2.0,3.0,0.0,0.0,8.0,0.0,0.0,5.0,test-12-29,3,0.0625,0.22166666666666668,0.7158333333333333,32,33,323
worker5f3a851741c4f9694eafe24a,1,5beeea64a79efb0001faf30a,2,2,0.3067930402930402,0.5250164835164836,0.1681904761904761,2.0,2.0,0.0,1.0,2.0,0.0,0.0,0.0,483,3227.0,0.012998143122411,0.5911508908215823,0.3288101699757177,0.4496326944186439,0.5270623997297982,9.0,71.0,21.0,0.0,0.0,0.0,7.0,4.0,6.0,9.0,0.0,10.0,0.0,11.0,1.0,2.0,3.0,0.0,0.0,8.0,12.0,0.0,5.0,0.0,3124.0,2250.0,2770.0,4825.0,0.0,5657.0,0.0,5864.0,1068.0,1467.0,2184.0,0.0,0.0,4174.0,5919.0,0.0,2439.0,0.0,1216.0,24.0,0.0,64.0,0.0,1152.0,0.0,256.0,15.0,356.0,64.0,0.0,0.0,64.0,0.0,0.0,16.0,0.0,3124.0,2250.0,0.0,4825.0,0.0,5657.0,0.0,5864.0,1068.0,1467.0,2184.0,0.0,0.0,4174.0,0.0,0.0,2439.0,0.0,7.0,4.0,0.0,9.0,0.0,10.0,0.0,11.0,1.0,2.0,3.0,0.0,0.0,8.0,0.0,0.0,5.0,test-12-29,2,0.07916666666666666,0.8291666666666666,0.09166666666666665,22,22,222
worker5f3a851741c4f9694eafe24a,2,5c0682910ac58a00011568a5,3,2,0.3670218462823726,0.5353511695906432,0.0976269841269841,0.0,2.0,1.0,1.0,1.0,0.0,0.0,0.0,195,800.0,0.0051620303986234,0.4180553890420813,0.1356466876971608,0.3547536266634696,0.4908284378371897,1.0,10.0,67.0,0.0,0.0,0.0,5.0,4.0,2.0,0.0,0.0,10.0,0.0,0.0,1.0,3.0,7.0,0.0,0.0,9.0,6.0,0.0,8.0,0.0,4001.0,2733.0,2089.0,0.0,0.0,8047.0,0.0,0.0,1877.0,2572.0,6163.0,0.0,0.0,6478.0,5343.0,0.0,6203.0,0.0,160.0,8.0,0.0,0.0,0.0,384.0,0.0,0.0,8.0,184.0,16.0,0.0,0.0,32.0,0.0,0.0,8.0,0.0,4001.0,2733.0,0.0,0.0,0.0,8047.0,0.0,0.0,1877.0,2572.0,6163.0,0.0,0.0,6478.0,0.0,0.0,6203.0,0.0,5.0,4.0,0.0,0.0,0.0,10.0,0.0,0.0,1.0,3.0,7.0,0.0,0.0,9.0,0.0,0.0,8.0,test-12-29,2,0.05,0.6233333333333333,0.32666666666666666,32,32,322
worker5f3a851741c4f9694eafe24a,2,5beeea64a79efb0001faf30a,2,2,0.3876151918257182,0.4880990938885675,0.1242857142857143,0.0,2.0,0.0,1.0,1.0,0.0,0.0,0.0,227,2590.0,0.0213943194393212,0.4780883519971783,0.4869052010328292,0.4343532316374217,0.5512741380830615,31.0,27.0,0.0,0.0,0.0,10.0,7.0,4.0,0.0,8.0,0.0,11.0,0.0,0.0,2.0,3.0,5.0,0.0,0.0,9.0,1.0,0.0,6.0,7182.0,3825.0,3242.0,0.0,4252.0,0.0,11232.0,0.0,0.0,2775.0,3173.0,3295.0,0.0,0.0,4314.0,2574.0,0.0,3739.0,0.0,1760.0,16.0,0.0,64.0,0.0,384.0,0.0,0.0,6.0,232.0,48.0,0.0,0.0,64.0,0.0,0.0,16.0,0.0,3825.0,3242.0,0.0,4252.0,0.0,11232.0,0.0,0.0,2775.0,3173.0,3295.0,0.0,0.0,4314.0,0.0,0.0,3739.0,0.0,7.0,4.0,0.0,8.0,0.0,11.0,0.0,0.0,2.0,3.0,5.0,0.0,0.0,9.0,0.0,0.0,6.0,test-12-29,2,0.05,0.75,0.2,22,22,222
worker5f3a851741c4f9694eafe24a,3,5c0682910ac58a00011568a5,3,2,0.3765739495798319,0.5369064425770308,0.0865196078431372,0.0,2.0,0.0,1.0,1.0,0.0,0.0,0.0,475,2954.0,0.0172125268945732,0.3149137995934653,0.0,0.3716780847700068,0.5272905217194911,7.0,66.0,7.0,0.0,0.0,9.0,3.0,12.0,2.0,8.0,0.0,1.0,0.0,11.0,5.0,6.0,10.0,0.0,0.0,4.0,7.0,0.0,0.0,6794.0,2767.0,12841.0,1309.0,6355.0,0.0,559.0,0.0,8670.0,4123.0,4304.0,8647.0,0.0,0.0,3915.0,5249.0,0.0,0.0,0.0,1056.0,4.0,0.0,64.0,0.0,1408.0,0.0,256.0,6.0,116.0,12.0,0.0,0.0,32.0,0.0,0.0,0.0,0.0,2767.0,12841.0,0.0,6355.0,0.0,559.0,0.0,8670.0,4123.0,4304.0,8647.0,0.0,0.0,3915.0,0.0,0.0,0.0,0.0,3.0,12.0,0.0,8.0,0.0,1.0,0.0,11.0,5.0,6.0,10.0,0.0,0.0,4.0,0.0,0.0,0.0,test-12-29,3,0.06666666666666667,0.3333333333333333,0.5999999999999999,32,33,323
worker5f3a851741c4f9694eafe24a,3,5beeea64a79efb0001faf30a,2,1,0.4336269841269841,0.4006031746031747,0.1657698412698412,2.0,2.0,1.0,1.0,2.0,0.0,0.0,0.0,483,934.0,0.0036706869428421,0.2555615116590726,0.3544834819087572,0.2073170731707317,0.2465826856070758,64.0,91.0,0.0,0.0,0.0,0.0,6.0,9.0,0.0,8.0,0.0,10.0,0.0,11.0,2.0,3.0,4.0,0.0,0.0,7.0,1.0,0.0,5.0,0.0,2317.0,2795.0,0.0,2637.0,0.0,4514.0,0.0,4584.0,1825.0,2085.0,2167.0,0.0,0.0,2536.0,1666.0,0.0,2215.0,0.0,48.0,4.0,0.0,32.0,0.0,384.0,0.0,256.0,4.0,126.0,32.0,0.0,0.0,32.0,0.0,0.0,16.0,0.0,2317.0,2795.0,0.0,2637.0,0.0,4514.0,0.0,4584.0,1825.0,2085.0,2167.0,0.0,0.0,2536.0,0.0,0.0,2215.0,0.0,6.0,9.0,0.0,8.0,0.0,10.0,0.0,11.0,2.0,3.0,4.0,0.0,0.0,7.0,0.0,0.0,5.0,test-12-29,3,0.17083333333333334,0.22999999999999998,0.5991666666666667,21,23,213
worker596f961cfe061d00011e3e03,1,615c92a79eaac944c5f156b6,2,2,0.4012619047619048,0.4504999999999999,0.1482380952380952,1.0,2.0,2.0,1.0,2.0,0.0,0.0,0.0,483,7314.0,0.0260399713560315,0.8030635717273108,0.7555497688952543,0.4928900041823504,0.5284922626516102,90.0,37.0,15.0,0.0,0.0,13.0,7.0,4.0,6.0,9.0,0.0,10.0,0.0,11.0,1.0,2.0,3.0,0.0,0.0,8.0,12.0,0.0,5.0,14885.0,2402.0,1702.0,2158.0,4723.0,0.0,5447.0,0.0,5727.0,808.0,1128.0,1636.0,0.0,0.0,4101.0,5787.0,0.0,1847.0,0.0,6176.0,28.0,0.0,32.0,0.0,384.0,0.0,256.0,14.0,240.0,96.0,0.0,0.0,64.0,0.0,0.0,24.0,0.0,2402.0,1702.0,0.0,4723.0,0.0,5447.0,0.0,5727.0,808.0,1128.0,1636.0,0.0,0.0,4101.0,0.0,0.0,1847.0,0.0,7.0,4.0,0.0,9.0,0.0,10.0,0.0,11.0,1.0,2.0,3.0,0.0,0.0,8.0,0.0,0.0,5.0,test-01-09-1,2,0.09666666666666666,0.45738095238095233,0.445952380952381,22,22,222
worker596f961cfe061d00011e3e03,1,5fbfa7490dcefd0251d79dff,2,1,0.4900854341736695,0.3638367346938775,0.1460778311324529,0.0,2.0,2.0,0.0,1.0,0.0,0.0,0.0,99,6819.0,0.0273584283736568,0.7204122340425532,0.6819170677038697,0.3850683890577507,0.4583016717325228,18.0,55.0,24.0,0.0,0.0,11.0,8.0,5.0,7.0,10.0,0.0,0.0,0.0,0.0,2.0,3.0,4.0,0.0,0.0,9.0,1.0,0.0,6.0,19813.0,3962.0,3151.0,3792.0,6592.0,0.0,0.0,0.0,0.0,1839.0,2583.0,2942.0,0.0,0.0,5295.0,1509.0,0.0,3361.0,0.0,6368.0,24.0,0.0,32.0,0.0,0.0,0.0,0.0,17.0,218.0,72.0,0.0,0.0,64.0,0.0,0.0,24.0,0.0,3962.0,3151.0,0.0,6592.0,0.0,0.0,0.0,0.0,1839.0,2583.0,2942.0,0.0,0.0,5295.0,0.0,0.0,3361.0,0.0,8.0,5.0,0.0,10.0,0.0,0.0,0.0,0.0,2.0,3.0,4.0,0.0,0.0,9.0,0.0,0.0,6.0,test-01-09-1,2,0.05,0.8116666666666665,0.13833333333333334,21,22,212
worker596f961cfe061d00011e3e03,1,5bcfde8c8301810001a33bea,1,1,0.4994210526315789,0.429424185463659,0.0711547619047619,0.0,1.0,2.0,2.0,1.0,0.0,0.0,0.0,227,4779.0,0.0173591527229429,0.5170938786091578,0.4426270602243529,0.3024077254609676,0.7179753070417059,70.0,82.0,0.0,0.0,0.0,0.0,7.0,4.0,9.0,10.0,0.0,11.0,0.0,0.0,2.0,3.0,5.0,0.0,0.0,8.0,1.0,0.0,6.0,0.0,21096.0,19853.0,24252.0,25315.0,0.0,25831.0,0.0,0.0,17719.0,19725.0,20340.0,0.0,0.0,21564.0,16518.0,0.0,20536.0,0.0,4288.0,8.0,0.0,32.0,0.0,256.0,0.0,0.0,9.0,122.0,24.0,0.0,0.0,32.0,0.0,0.0,8.0,0.0,21096.0,19853.0,0.0,25315.0,0.0,25831.0,0.0,0.0,17719.0,19725.0,20340.0,0.0,0.0,21564.0,0.0,0.0,20536.0,0.0,7.0,4.0,0.0,10.0,0.0,11.0,0.0,0.0,2.0,3.0,5.0,0.0,0.0,8.0,0.0,0.0,6.0,test-01-09-1,1,0.6758333333333334,0.15833333333333333,0.16583333333333333,11,11,111
worker596f961cfe061d00011e3e03,2,5fbfa7490dcefd0251d79dff,3,1,0.5195964052287583,0.3627668067226891,0.1176367880485527,0.0,2.0,1.0,1.0,1.0,0.0,0.0,0.0,223,1184.0,0.0065498318286422,0.7117298727478897,0.7923526287838556,0.2091470328839612,0.2823484943933476,7.0,365.0,11.0,0.0,0.0,0.0,1.0,0.0,7.0,9.0,0.0,10.0,0.0,0.0,3.0,4.0,6.0,0.0,0.0,8.0,2.0,0.0,5.0,0.0,11.0,0.0,3423.0,7056.0,0.0,7842.0,0.0,0.0,2678.0,3094.0,3233.0,0.0,0.0,4454.0,2503.0,0.0,3215.0,0.0,496.0,0.0,0.0,32.0,0.0,384.0,0.0,0.0,6.0,194.0,32.0,0.0,0.0,32.0,0.0,0.0,8.0,0.0,11.0,0.0,0.0,7056.0,0.0,7842.0,0.0,0.0,2678.0,3094.0,3233.0,0.0,0.0,4454.0,0.0,0.0,3215.0,0.0,1.0,0.0,0.0,9.0,0.0,10.0,0.0,0.0,3.0,4.0,6.0,0.0,0.0,8.0,0.0,0.0,5.0,test-01-09-1,3,0.225,0.2791666666666667,0.4958333333333334,31,33,313
worker596f961cfe061d00011e3e03,2,615c92a79eaac944c5f156b6,2,2,0.4121904761904763,0.4449999999999999,0.1428095238095238,0.0,2.0,2.0,1.0,1.0,0.0,0.0,0.0,227,9878.0,0.0461023966876343,0.8442457649905889,0.6141412532844972,0.3949314331809626,0.4454154342565206,93.0,469.0,27.0,0.0,0.0,10.0,2.0,6.0,1.0,11.0,0.0,12.0,0.0,0.0,4.0,5.0,7.0,0.0,0.0,3.0,9.0,0.0,8.0,4367.0,2817.0,3649.0,35.0,13536.0,0.0,14138.0,0.0,0.0,3334.0,3611.0,3666.0,0.0,0.0,3041.0,4048.0,0.0,3763.0,0.0,9168.0,16.0,0.0,32.0,0.0,384.0,0.0,0.0,6.0,104.0,56.0,0.0,0.0,96.0,0.0,0.0,16.0,0.0,2817.0,3649.0,0.0,13536.0,0.0,14138.0,0.0,0.0,3334.0,3611.0,3666.0,0.0,0.0,3041.0,0.0,0.0,3763.0,0.0,2.0,6.0,0.0,11.0,0.0,12.0,0.0,0.0,4.0,5.0,7.0,0.0,0.0,3.0,0.0,0.0,8.0,test-01-09-1,2,0.14250000000000002,0.5158333333333334,0.3416666666666667,22,22,222
worker596f961cfe061d00011e3e03,2,5bcfde8c8301810001a33bea,1,1,0.4713636363636364,0.3021666666666666,0.226469696969697,2.0,2.0,2.0,1.0,2.0,0.0,0.0,0.0,227,5917.0,0.0282554221031711,0.8206637356403347,0.7260865808347015,0.3481066515387888,0.388526450148915,4.0,325.0,5.0,0.0,0.0,9.0,7.0,4.0,10.0,11.0,0.0,12.0,0.0,0.0,2.0,3.0,5.0,0.0,0.0,8.0,1.0,0.0,6.0,6480.0,3664.0,2937.0,6955.0,13055.0,0.0,13763.0,0.0,0.0,2435.0,2793.0,3126.0,0.0,0.0,4316.0,2102.0,0.0,3267.0,0.0,5152.0,8.0,0.0,32.0,0.0,512.0,0.0,0.0,5.0,136.0,24.0,0.0,0.0,32.0,0.0,0.0,16.0,0.0,3664.0,2937.0,0.0,13055.0,0.0,13763.0,0.0,0.0,2435.0,2793.0,3126.0,0.0,0.0,4316.0,0.0,0.0,3267.0,0.0,7.0,4.0,0.0,11.0,0.0,12.0,0.0,0.0,2.0,3.0,5.0,0.0,0.0,8.0,0.0,0.0,6.0,test-01-09-1,1,0.5833333333333333,0.2833333333333333,0.13333333333333333,11,11,111
worker596f961cfe061d00011e3e03,3,615c92a79eaac944c5f156b6,2,1,0.4649889817784555,0.4410018050036847,0.0940092132178598,0.0,0.0,0.0,0.0,1.0,0.0,0.0,0.0,318,2006.0,0.0159302675082657,0.6465215701515741,0.2506762849413886,0.2079284881461329,0.3695102992615623,7.0,109.0,9.0,0.0,0.0,0.0,1.0,0.0,3.0,0.0,0.0,0.0,0.0,4.0,0.0,5.0,6.0,0.0,0.0,7.0,2.0,0.0,8.0,0.0,2.0,0.0,1767.0,0.0,0.0,0.0,0.0,1767.0,0.0,1767.0,1767.0,0.0,0.0,1767.0,1669.0,0.0,1767.0,0.0,1696.0,0.0,0.0,0.0,0.0,0.0,0.0,256.0,0.0,6.0,8.0,0.0,0.0,32.0,0.0,0.0,8.0,0.0,2.0,0.0,0.0,0.0,0.0,0.0,0.0,1767.0,0.0,1767.0,1767.0,0.0,0.0,1767.0,0.0,0.0,1767.0,0.0,1.0,0.0,0.0,0.0,0.0,0.0,0.0,4.0,0.0,5.0,6.0,0.0,0.0,7.0,0.0,0.0,8.0,test-01-09-1,3,0.14166666666666666,0.275,0.5833333333333334,21,23,213
worker596f961cfe061d00011e3e03,3,5fbfa7490dcefd0251d79dff,3,1,0.8273105037258982,0.1676984998755424,0.0049909963985594,0.0,0.0,1.0,0.0,1.0,0.0,0.0,0.0,0,0.0,0.0,0.0877827215424545,0.0,0.1882647385984427,0.3192436040044494,1.0,0.0,0.0,0.0,0.0,0.0,0.0,0.0,0.0,0.0,0.0,0.0,0.0,0.0,0.0,0.0,0.0,0.0,0.0,0.0,0.0,0.0,0.0,0.0,0.0,0.0,0.0,0.0,0.0,0.0,0.0,0.0,0.0,0.0,0.0,0.0,0.0,0.0,0.0,0.0,0.0,0.0,0.0,0.0,0.0,0.0,0.0,0.0,0.0,0.0,0.0,0.0,0.0,0.0,0.0,0.0,0.0,0.0,0.0,0.0,0.0,0.0,0.0,0.0,0.0,0.0,0.0,0.0,0.0,0.0,0.0,0.0,0.0,0.0,0.0,0.0,0.0,0.0,0.0,0.0,0.0,0.0,0.0,0.0,0.0,0.0,0.0,0.0,0.0,0.0,0.0,0.0,0.0,0.0,0.0,test-01-09-1,2,0.06833333333333333,0.7307142857142856,0.20095238095238094,31,32,312
worker5bcfde8c8301810001a33bea,1,615c92a79eaac944c5f156b6,3,2,0.4012619047619048,0.4504999999999999,0.1482380952380952,1.0,2.0,2.0,1.0,2.0,0.0,0.0,0.0,483,7314.0,0.0260399713560315,0.8030635717273108,0.7555497688952543,0.4928900041823504,0.5284922626516102,90.0,37.0,15.0,0.0,0.0,13.0,7.0,4.0,6.0,9.0,0.0,10.0,0.0,11.0,1.0,2.0,3.0,0.0,0.0,8.0,12.0,0.0,5.0,14885.0,2402.0,1702.0,2158.0,4723.0,0.0,5447.0,0.0,5727.0,808.0,1128.0,1636.0,0.0,0.0,4101.0,5787.0,0.0,1847.0,0.0,6176.0,28.0,0.0,32.0,0.0,384.0,0.0,256.0,14.0,240.0,96.0,0.0,0.0,64.0,0.0,0.0,24.0,0.0,2402.0,1702.0,0.0,4723.0,0.0,5447.0,0.0,5727.0,808.0,1128.0,1636.0,0.0,0.0,4101.0,0.0,0.0,1847.0,0.0,7.0,4.0,0.0,9.0,0.0,10.0,0.0,11.0,1.0,2.0,3.0,0.0,0.0,8.0,0.0,0.0,5.0,test-01-09-1,2,0.09666666666666666,0.45738095238095233,0.445952380952381,32,32,322
worker5bcfde8c8301810001a33bea,1,596f961cfe061d00011e3e03,3,1,0.4877311355311356,0.4558244200244199,0.0564444444444444,2.0,2.0,1.0,1.0,2.0,0.0,0.0,1.0,483,1568.0,0.0011427638560117,0.8512762310649928,0.0439691997932141,0.265900773613749,0.7853337656923148,69.0,26.0,10.0,0.0,0.0,0.0,7.0,4.0,1.0,9.0,0.0,10.0,0.0,11.0,2.0,3.0,5.0,0.0,0.0,8.0,12.0,13.0,6.0,0.0,6603.0,3024.0,1265.0,8265.0,0.0,9177.0,0.0,9519.0,2579.0,2887.0,3181.0,0.0,0.0,7438.0,9562.0,10698.0,4711.0,0.0,416.0,16.0,0.0,32.0,0.0,384.0,0.0,256.0,16.0,240.0,128.0,0.0,0.0,64.0,0.0,0.0,16.0,0.0,6603.0,3024.0,0.0,8265.0,0.0,9177.0,0.0,9519.0,2579.0,2887.0,3181.0,0.0,0.0,7438.0,0.0,0.0,4711.0,0.0,7.0,4.0,0.0,9.0,0.0,10.0,0.0,11.0,2.0,3.0,5.0,0.0,0.0,8.0,0.0,0.0,6.0,test-01-09-1,3,0.14666666666666667,0.19833333333333333,0.6549999999999999,31,33,313
worker5bcfde8c8301810001a33bea,2,615c92a79eaac944c5f156b6,3,2,0.4121904761904763,0.4449999999999999,0.1428095238095238,0.0,2.0,2.0,1.0,1.0,0.0,0.0,0.0,227,9878.0,0.0461023966876343,0.8442457649905889,0.6141412532844972,0.3949314331809626,0.4454154342565206,93.0,469.0,27.0,0.0,0.0,10.0,2.0,6.0,1.0,11.0,0.0,12.0,0.0,0.0,4.0,5.0,7.0,0.0,0.0,3.0,9.0,0.0,8.0,4367.0,2817.0,3649.0,35.0,13536.0,0.0,14138.0,0.0,0.0,3334.0,3611.0,3666.0,0.0,0.0,3041.0,4048.0,0.0,3763.0,0.0,9168.0,16.0,0.0,32.0,0.0,384.0,0.0,0.0,6.0,104.0,56.0,0.0,0.0,96.0,0.0,0.0,16.0,0.0,2817.0,3649.0,0.0,13536.0,0.0,14138.0,0.0,0.0,3334.0,3611.0,3666.0,0.0,0.0,3041.0,0.0,0.0,3763.0,0.0,2.0,6.0,0.0,11.0,0.0,12.0,0.0,0.0,4.0,5.0,7.0,0.0,0.0,3.0,0.0,0.0,8.0,test-01-09-1,2,0.14250000000000002,0.5158333333333334,0.3416666666666667,32,32,322
worker5f480e566265722a9b2b2660,1,5daec9633990ed0014564662,1,1,0.4982312534209087,0.348540727471762,0.1532280191073294,2.0,1.0,2.0,2.0,2.0,0.0,0.0,0.0,483,8714.0,0.0282274247491638,0.6443132353574968,0.7125083612040134,0.287893806835323,0.3862000603370253,89.0,359.0,39.0,0.0,0.0,13.0,7.0,5.0,9.0,10.0,0.0,11.0,0.0,12.0,1.0,3.0,4.0,0.0,0.0,8.0,2.0,0.0,6.0,16358.0,4998.0,4098.0,11013.0,12605.0,0.0,13299.0,0.0,13423.0,1627.0,2276.0,3789.0,0.0,0.0,5740.0,2148.0,0.0,4576.0,0.0,6560.0,20.0,0.0,64.0,0.0,768.0,0.0,256.0,12.0,126.0,828.0,0.0,0.0,64.0,0.0,0.0,16.0,0.0,4998.0,4098.0,0.0,12605.0,0.0,13299.0,0.0,13423.0,1627.0,2276.0,3789.0,0.0,0.0,5740.0,0.0,0.0,4576.0,0.0,7.0,5.0,0.0,10.0,0.0,11.0,0.0,12.0,1.0,3.0,4.0,0.0,0.0,8.0,0.0,0.0,6.0,test-01-09-2,1,0.6958333333333333,0.26749999999999996,0.03666666666666667,11,11,111
worker5f480e566265722a9b2b2660,2,5daec9633990ed0014564662,3,1,0.5532630718954249,0.3690168067226891,0.077720121381886,0.0,2.0,1.0,1.0,1.0,0.0,0.0,1.0,227,717.0,0.0047826086956521,0.3716871363930187,0.6330434782608696,0.2564641241111829,0.3967356173238526,0.0,56.0,0.0,0.0,0.0,9.0,10.0,2.0,0.0,8.0,0.0,12.0,0.0,0.0,3.0,4.0,5.0,0.0,0.0,11.0,1.0,7.0,6.0,3229.0,3406.0,2094.0,0.0,2836.0,0.0,6121.0,0.0,0.0,2197.0,2379.0,2429.0,0.0,0.0,4128.0,1947.0,2694.0,2588.0,0.0,128.0,12.0,0.0,32.0,0.0,384.0,0.0,0.0,3.0,70.0,48.0,0.0,0.0,32.0,0.0,0.0,8.0,0.0,3406.0,2094.0,0.0,2836.0,0.0,6121.0,0.0,0.0,2197.0,2379.0,2429.0,0.0,0.0,4128.0,0.0,0.0,2588.0,0.0,10.0,2.0,0.0,8.0,0.0,12.0,0.0,0.0,3.0,4.0,5.0,0.0,0.0,11.0,0.0,0.0,6.0,test-01-09-2,3,0.1,0.1,0.8,31,33,313
worker5f480e566265722a9b2b2660,3,5daec9633990ed0014564662,2,1,0.8403220030624747,0.1510105299507303,0.0086674669867947,0.0,0.0,1.0,0.0,1.0,0.0,0.0,0.0,16,80.0,0.0008558712769599,0.5135824175824176,0.0051352276617596,0.1959560439560439,0.2454505494505494,2.0,4.0,0.0,0.0,0.0,0.0,1.0,0.0,0.0,0.0,0.0,0.0,0.0,0.0,0.0,0.0,0.0,0.0,0.0,0.0,2.0,0.0,0.0,0.0,3820.0,0.0,0.0,0.0,0.0,0.0,0.0,0.0,0.0,0.0,0.0,0.0,0.0,0.0,3835.0,0.0,0.0,0.0,80.0,0.0,0.0,0.0,0.0,0.0,0.0,0.0,0.0,0.0,0.0,0.0,0.0,0.0,0.0,0.0,0.0,0.0,3820.0,0.0,0.0,0.0,0.0,0.0,0.0,0.0,0.0,0.0,0.0,0.0,0.0,0.0,0.0,0.0,0.0,0.0,1.0,0.0,0.0,0.0,0.0,0.0,0.0,0.0,0.0,0.0,0.0,0.0,0.0,0.0,0.0,0.0,0.0,test-01-09-2,2,0.06833333333333333,0.6848809523809524,0.2467857142857143,21,22,212
worker5f480e566265722a9b2b2660,3,5d35989e71b4880017d5cc81,1,1,0.435095238095238,0.4075952380952382,0.1573095238095238,2.0,2.0,0.0,1.0,2.0,0.0,0.0,0.0,483,3304.0,0.0114184923876717,0.4476768348433214,0.6499257333828444,0.1511096334469287,0.1858532125342864,8.0,285.0,0.0,0.0,0.0,10.0,7.0,4.0,11.0,9.0,0.0,12.0,0.0,13.0,2.0,3.0,5.0,0.0,0.0,8.0,1.0,0.0,6.0,7948.0,4521.0,3089.0,10928.0,6800.0,0.0,13381.0,0.0,14015.0,1922.0,3033.0,3228.0,0.0,0.0,5689.0,1622.0,0.0,4258.0,0.0,1872.0,16.0,0.0,64.0,0.0,896.0,0.0,256.0,6.0,74.0,40.0,0.0,0.0,64.0,0.0,0.0,16.0,0.0,4521.0,3089.0,0.0,6800.0,0.0,13381.0,0.0,14015.0,1922.0,3033.0,3228.0,0.0,0.0,5689.0,0.0,0.0,4258.0,0.0,7.0,4.0,0.0,9.0,0.0,12.0,0.0,13.0,2.0,3.0,5.0,0.0,0.0,8.0,0.0,0.0,6.0,test-01-09-2,3,0.2,0.1875,0.6125,11,13,113
worker60b7e7db11897639638f15cb,1,6086b9cc58c7269cc737c68e,2,2,0.3217454212454211,0.5075879120879121,0.1706666666666666,2.0,2.0,0.0,1.0,2.0,0.0,0.0,0.0,483,3353.0,0.0198716945704897,0.7314867803593911,0.4687842278203724,0.4889550188852009,0.5263820533363854,1.0,85.0,18.0,0.0,0.0,0.0,7.0,5.0,1.0,9.0,0.0,10.0,0.0,11.0,2.0,3.0,4.0,0.0,0.0,8.0,12.0,0.0,6.0,0.0,2836.0,2479.0,1164.0,4064.0,0.0,4482.0,0.0,5032.0,1636.0,2327.0,2405.0,0.0,0.0,3588.0,5092.0,0.0,2615.0,0.0,1824.0,12.0,0.0,64.0,0.0,768.0,0.0,256.0,13.0,192.0,144.0,0.0,0.0,64.0,0.0,0.0,16.0,0.0,2836.0,2479.0,0.0,4064.0,0.0,4482.0,0.0,5032.0,1636.0,2327.0,2405.0,0.0,0.0,3588.0,0.0,0.0,2615.0,0.0,7.0,5.0,0.0,9.0,0.0,10.0,0.0,11.0,2.0,3.0,4.0,0.0,0.0,8.0,0.0,0.0,6.0,test-01-09-2,2,0.11666666666666665,0.6333333333333334,0.25,22,22,222
worker60b7e7db11897639638f15cb,2,6086b9cc58c7269cc737c68e,2,1,0.6302610655598273,0.2460658652124817,0.123673069227691,0.0,0.0,2.0,0.0,1.0,0.0,0.0,0.0,16,3792.0,0.033512443438914,0.6575546257554625,0.0002828054298642,0.4738261273826127,0.4939098093909809,8.0,0.0,4.0,0.0,0.0,3.0,2.0,0.0,1.0,0.0,0.0,0.0,0.0,0.0,0.0,0.0,0.0,0.0,0.0,0.0,0.0,0.0,0.0,5150.0,3861.0,0.0,2916.0,0.0,0.0,0.0,0.0,0.0,0.0,0.0,0.0,0.0,0.0,0.0,0.0,0.0,0.0,0.0,3792.0,0.0,0.0,0.0,0.0,0.0,0.0,0.0,0.0,0.0,0.0,0.0,0.0,0.0,0.0,0.0,0.0,0.0,3861.0,0.0,0.0,0.0,0.0,0.0,0.0,0.0,0.0,0.0,0.0,0.0,0.0,0.0,0.0,0.0,0.0,0.0,2.0,0.0,0.0,0.0,0.0,0.0,0.0,0.0,0.0,0.0,0.0,0.0,0.0,0.0,0.0,0.0,0.0,test-01-09-2,2,0.175,0.7416666666666667,0.08333333333333334,21,22,212
worker60b7e7db11897639638f15cb,1,Maddie,2,2,0.4246113199665832,0.4540409356725146,0.1213477443609022,1.0,1.0,2.0,1.0,2.0,0.0,0.0,0.0,483,4962.0,0.0146397072058558,0.6494311097256857,0.6797864042719146,0.2182824189526184,0.2388559850374065,18.0,50.0,27.0,0.0,0.0,13.0,8.0,4.0,7.0,10.0,0.0,11.0,0.0,12.0,2.0,3.0,1.0,0.0,0.0,9.0,6.0,0.0,5.0,21485.0,5973.0,3631.0,5422.0,9040.0,0.0,10236.0,0.0,13622.0,1478.0,2996.0,1340.0,0.0,0.0,6688.0,5257.0,0.0,4078.0,0.0,3712.0,8.0,0.0,32.0,0.0,512.0,0.0,256.0,12.0,190.0,120.0,0.0,0.0,96.0,0.0,0.0,24.0,0.0,5973.0,3631.0,0.0,9040.0,0.0,10236.0,0.0,13622.0,1478.0,2996.0,1340.0,0.0,0.0,6688.0,0.0,0.0,4078.0,0.0,8.0,4.0,0.0,10.0,0.0,11.0,0.0,12.0,2.0,3.0,1.0,0.0,0.0,9.0,0.0,0.0,5.0,test-01-09-2,2,0.1125,0.6341666666666665,0.2533333333333333,22,22,222
worker60b7e7db11897639638f15cb,3,6086b9cc58c7269cc737c68e,2,2,0.356304945054945,0.4964688644688644,0.1472261904761904,2.0,2.0,0.0,1.0,2.0,0.0,0.0,0.0,483,2035.0,0.0084208223972003,0.8407502758367047,0.5144356955380578,0.3633688856197131,0.4108127988230967,3.0,336.0,13.0,0.0,0.0,10.0,1.0,5.0,9.0,11.0,0.0,12.0,0.0,13.0,3.0,4.0,6.0,0.0,0.0,8.0,2.0,0.0,7.0,6642.0,2006.0,5554.0,6078.0,7481.0,0.0,7929.0,0.0,8219.0,5259.0,5508.0,5570.0,0.0,0.0,6026.0,4927.0,0.0,5705.0,0.0,1152.0,4.0,0.0,32.0,0.0,384.0,0.0,256.0,5.0,82.0,80.0,0.0,0.0,32.0,0.0,0.0,8.0,0.0,2006.0,5554.0,0.0,7481.0,0.0,7929.0,0.0,8219.0,5259.0,5508.0,5570.0,0.0,0.0,6026.0,0.0,0.0,5705.0,0.0,1.0,5.0,0.0,11.0,0.0,12.0,0.0,13.0,3.0,4.0,6.0,0.0,0.0,8.0,0.0,0.0,7.0,test-01-09-2,2,0.19583333333333333,0.5541666666666667,0.25,22,22,222
worker5f0094fc2e1a9e1b4ea12b2e,1,yes,3,1,0.4614469696969697,0.3676428571428571,0.1709101731601731,2.0,2.0,0.0,1.0,2.0,0.0,0.0,1.0,483,4460.0,0.0289454545454545,0.5880591908305535,0.5464727272727272,0.446839449148918,0.6138910272859465,5.0,121.0,29.0,0.0,0.0,0.0,6.0,3.0,9.0,10.0,0.0,11.0,0.0,12.0,1.0,2.0,4.0,0.0,0.0,8.0,13.0,7.0,5.0,0.0,2161.0,1529.0,5350.0,6126.0,0.0,6862.0,0.0,6944.0,1369.0,1477.0,1583.0,0.0,0.0,5185.0,6991.0,2893.0,1782.0,0.0,2864.0,20.0,0.0,96.0,0.0,768.0,0.0,256.0,20.0,132.0,208.0,0.0,0.0,64.0,0.0,0.0,32.0,0.0,2161.0,1529.0,0.0,6126.0,0.0,6862.0,0.0,6944.0,1369.0,1477.0,1583.0,0.0,0.0,5185.0,0.0,0.0,1782.0,0.0,6.0,3.0,0.0,10.0,0.0,11.0,0.0,12.0,1.0,2.0,4.0,0.0,0.0,8.0,0.0,0.0,5.0,test-01-09-3,2,0.175,0.5583333333333333,0.2666666666666667,31,32,312
worker5f0094fc2e1a9e1b4ea12b2e,1,5dd25456cc192027096069bb,2,2,0.3326785714285714,0.5108333333333334,0.1564880952380952,1.0,2.0,2.0,1.0,2.0,0.0,0.0,0.0,483,6600.0,0.0298642533936651,0.6414059980651403,0.6537958773252891,0.3928410190261206,0.4030957755562722,10.0,111.0,17.0,0.0,0.0,13.0,7.0,4.0,6.0,9.0,0.0,10.0,0.0,11.0,2.0,3.0,1.0,0.0,0.0,8.0,12.0,0.0,5.0,10300.0,3697.0,1535.0,3350.0,5574.0,0.0,6367.0,0.0,6531.0,550.0,1410.0,441.0,0.0,0.0,5069.0,6574.0,0.0,3033.0,0.0,4432.0,32.0,0.0,64.0,0.0,1152.0,0.0,256.0,20.0,332.0,200.0,0.0,0.0,96.0,0.0,0.0,16.0,0.0,3697.0,1535.0,0.0,5574.0,0.0,6367.0,0.0,6531.0,550.0,1410.0,441.0,0.0,0.0,5069.0,0.0,0.0,3033.0,0.0,7.0,4.0,0.0,9.0,0.0,10.0,0.0,11.0,2.0,3.0,1.0,0.0,0.0,8.0,0.0,0.0,5.0,test-01-09-3,2,0.095,0.799047619047619,0.10595238095238095,22,22,222
worker5f0094fc2e1a9e1b4ea12b2e,1,5c6838ea5f8d580001e8a8ab,2,1,0.4390952380952381,0.4014999999999999,0.1594047619047619,1.0,2.0,2.0,1.0,2.0,0.0,0.0,0.0,483,7348.0,0.0327748691099476,0.5725076434266531,0.7404188481675392,0.3026197470175649,0.3789341166596727,2.0,188.0,29.0,0.0,0.0,13.0,6.0,4.0,8.0,9.0,0.0,10.0,0.0,11.0,1.0,2.0,3.0,0.0,0.0,7.0,12.0,0.0,5.0,12180.0,2563.0,1737.0,5080.0,6431.0,0.0,8020.0,0.0,8231.0,961.0,1572.0,1665.0,0.0,0.0,3300.0,8260.0,0.0,2211.0,0.0,4880.0,12.0,0.0,96.0,0.0,1536.0,0.0,256.0,8.0,192.0,288.0,0.0,0.0,64.0,0.0,0.0,16.0,0.0,2563.0,1737.0,0.0,6431.0,0.0,8020.0,0.0,8231.0,961.0,1572.0,1665.0,0.0,0.0,3300.0,0.0,0.0,2211.0,0.0,6.0,4.0,0.0,9.0,0.0,10.0,0.0,11.0,1.0,2.0,3.0,0.0,0.0,7.0,0.0,0.0,5.0,test-01-09-3,1,0.47916666666666663,0.4341666666666667,0.08666666666666667,21,21,211
worker5f0094fc2e1a9e1b4ea12b2e,2,yes,3,1,0.5716295996401259,0.2579448556664722,0.1704255446934018,0.0,0.0,1.0,0.0,1.0,0.0,0.0,0.0,159,1351.0,0.05,0.2048941542046999,0.0417061611374407,0.1470188386094387,0.2208195766168188,61.0,58.0,0.0,0.0,0.0,0.0,3.0,0.0,0.0,0.0,0.0,7.0,0.0,0.0,1.0,2.0,6.0,0.0,0.0,0.0,5.0,0.0,4.0,0.0,4171.0,0.0,0.0,0.0,0.0,4838.0,0.0,0.0,3777.0,4070.0,4230.0,0.0,0.0,0.0,4228.0,0.0,4199.0,0.0,896.0,0.0,0.0,0.0,0.0,384.0,0.0,0.0,3.0,44.0,16.0,0.0,0.0,0.0,0.0,0.0,8.0,0.0,4171.0,0.0,0.0,0.0,0.0,4838.0,0.0,0.0,3777.0,4070.0,4230.0,0.0,0.0,0.0,0.0,0.0,4199.0,0.0,3.0,0.0,0.0,0.0,0.0,7.0,0.0,0.0,1.0,2.0,6.0,0.0,0.0,0.0,0.0,0.0,4.0,test-01-09-3,3,0.1125,0.20416666666666666,0.6833333333333333,31,33,313
worker5f0094fc2e1a9e1b4ea12b2e,2,5dd25456cc192027096069bb,2,1,0.7933175212697579,0.1568819585221589,0.0498005202080832,0.0,0.0,1.0,0.0,1.0,0.0,0.0,0.0,54,96.0,0.0018773466833541,0.3743265401733427,0.0450563204005006,0.2267509955493089,0.2454907472475989,1.0,7.0,2.0,0.0,0.0,0.0,1.0,4.0,0.0,3.0,0.0,0.0,0.0,0.0,0.0,2.0,0.0,0.0,0.0,0.0,5.0,0.0,0.0,0.0,2096.0,2218.0,0.0,2134.0,0.0,0.0,0.0,0.0,0.0,2126.0,0.0,0.0,0.0,0.0,3221.0,0.0,0.0,0.0,48.0,4.0,0.0,32.0,0.0,0.0,0.0,0.0,0.0,12.0,0.0,0.0,0.0,0.0,0.0,0.0,0.0,0.0,2096.0,2218.0,0.0,2134.0,0.0,0.0,0.0,0.0,0.0,2126.0,0.0,0.0,0.0,0.0,0.0,0.0,0.0,0.0,1.0,4.0,0.0,3.0,0.0,0.0,0.0,0.0,0.0,2.0,0.0,0.0,0.0,0.0,0.0,0.0,0.0,test-01-09-3,2,0.04333333333333333,0.6866666666666666,0.26999999999999996,21,22,212
worker5f0094fc2e1a9e1b4ea12b2e,2,5c6838ea5f8d580001e8a8ab,2,1,0.7997152803733992,0.1977937232280412,0.0024909963985594,0.0,0.0,1.0,0.0,1.0,0.0,0.0,0.0,55,209.0,0.0051875498802873,0.5243774848294622,0.0075818036711891,0.3739275999163005,0.5469763548859594,0.0,2.0,0.0,0.0,0.0,2.0,1.0,4.0,0.0,3.0,0.0,0.0,0.0,0.0,5.0,6.0,0.0,0.0,0.0,0.0,0.0,0.0,0.0,1890.0,1730.0,2125.0,0.0,1898.0,0.0,0.0,0.0,0.0,3368.0,3737.0,0.0,0.0,0.0,0.0,0.0,0.0,0.0,0.0,128.0,4.0,0.0,32.0,0.0,0.0,0.0,0.0,5.0,40.0,0.0,0.0,0.0,0.0,0.0,0.0,0.0,0.0,1730.0,2125.0,0.0,1898.0,0.0,0.0,0.0,0.0,3368.0,3737.0,0.0,0.0,0.0,0.0,0.0,0.0,0.0,0.0,1.0,4.0,0.0,3.0,0.0,0.0,0.0,0.0,5.0,6.0,0.0,0.0,0.0,0.0,0.0,0.0,0.0,test-01-09-3,2,0.1933333333333333,0.7173809523809525,0.08928571428571429,21,22,212
worker5f0094fc2e1a9e1b4ea12b2e,3,5c6838ea5f8d580001e8a8ab,3,2,0.4467692307692308,0.4775641025641025,0.0756666666666666,1.0,2.0,0.0,1.0,2.0,0.0,0.0,1.0,483,2836.0,0.0164969157940037,0.4723219730334033,0.5596040740209439,0.3607968019513517,0.4839758791246019,20.0,157.0,6.0,0.0,0.0,8.0,7.0,4.0,10.0,12.0,0.0,13.0,0.0,14.0,1.0,2.0,3.0,0.0,0.0,9.0,11.0,6.0,5.0,3086.0,3035.0,1969.0,4677.0,9510.0,0.0,10247.0,0.0,10327.0,1383.0,1769.0,1869.0,0.0,0.0,3399.0,5036.0,2320.0,2184.0,0.0,1744.0,16.0,0.0,32.0,0.0,384.0,0.0,256.0,6.0,150.0,200.0,0.0,0.0,32.0,0.0,0.0,16.0,0.0,3035.0,1969.0,0.0,9510.0,0.0,10247.0,0.0,10327.0,1383.0,1769.0,1869.0,0.0,0.0,3399.0,0.0,0.0,2184.0,0.0,7.0,4.0,0.0,12.0,0.0,13.0,0.0,14.0,1.0,2.0,3.0,0.0,0.0,9.0,0.0,0.0,5.0,test-01-09-3,3,0.06666666666666667,0.2125,0.7208333333333333,32,33,323
worker5f0094fc2e1a9e1b4ea12b2e,3,yes,3,1,0.4907471264367816,0.3682250986561331,0.1410277749070852,2.0,1.0,0.0,2.0,2.0,0.0,0.0,0.0,483,3878.0,0.0241722271182172,0.4267676767676767,0.7115699357925217,0.521598968407479,0.7139479905437353,34.0,138.0,0.0,0.0,0.0,9.0,7.0,5.0,10.0,11.0,0.0,12.0,0.0,13.0,3.0,4.0,6.0,0.0,0.0,8.0,2.0,0.0,1.0,6393.0,6173.0,5978.0,13162.0,15260.0,0.0,15548.0,0.0,16056.0,5603.0,5915.0,5982.0,0.0,0.0,6328.0,4876.0,0.0,4262.0,0.0,3008.0,8.0,0.0,32.0,0.0,384.0,0.0,256.0,4.0,74.0,64.0,0.0,0.0,32.0,0.0,0.0,16.0,0.0,6173.0,5978.0,0.0,15260.0,0.0,15548.0,0.0,16056.0,5603.0,5915.0,5982.0,0.0,0.0,6328.0,0.0,0.0,4262.0,0.0,7.0,5.0,0.0,11.0,0.0,12.0,0.0,13.0,3.0,4.0,6.0,0.0,0.0,8.0,0.0,0.0,1.0,test-01-09-3,2,0.3458333333333333,0.4675000000000001,0.18666666666666668,31,32,312
worker6365862b94f7a68a41f98574,1,612687a5a3c9d923c4050e47,2,1,0.4509007936507936,0.4039444444444444,0.1451547619047619,1.0,2.0,2.0,1.0,2.0,0.0,0.0,0.0,483,6189.0,0.0210922787193973,0.7291618986588547,0.8023226616446956,0.2323888863459514,0.2893303428388337,13.0,98.0,26.0,0.0,0.0,13.0,7.0,4.0,6.0,10.0,0.0,11.0,0.0,12.0,1.0,2.0,3.0,0.0,0.0,8.0,9.0,0.0,5.0,16600.0,4136.0,2318.0,2685.0,7525.0,0.0,8178.0,0.0,9808.0,664.0,1266.0,1541.0,0.0,0.0,4530.0,5856.0,0.0,2589.0,0.0,5168.0,12.0,0.0,32.0,0.0,384.0,0.0,256.0,13.0,124.0,88.0,0.0,0.0,96.0,0.0,0.0,16.0,0.0,4136.0,2318.0,0.0,7525.0,0.0,8178.0,0.0,9808.0,664.0,1266.0,1541.0,0.0,0.0,4530.0,0.0,0.0,2589.0,0.0,7.0,4.0,0.0,10.0,0.0,11.0,0.0,12.0,1.0,2.0,3.0,0.0,0.0,8.0,0.0,0.0,5.0,test-01-09-3,2,0.14166666666666666,0.7258333333333333,0.1325,21,22,212
worker6365862b94f7a68a41f98574,1,60a6ba026f8bd75b67b23c97,2,2,0.3572619047619046,0.4747698412698412,0.167968253968254,2.0,2.0,0.0,1.0,2.0,0.0,0.0,0.0,483,4529.0,0.021119094273895,0.6450389719823046,0.5968865665142609,0.5147110455726424,0.5972895161856612,22.0,108.0,26.0,0.0,0.0,13.0,8.0,6.0,1.0,10.0,0.0,11.0,0.0,12.0,2.0,3.0,5.0,0.0,0.0,9.0,4.0,0.0,7.0,8944.0,3425.0,2866.0,539.0,5603.0,0.0,6277.0,0.0,6592.0,961.0,1218.0,2790.0,0.0,0.0,4097.0,1275.0,0.0,3112.0,0.0,2864.0,12.0,0.0,96.0,0.0,768.0,0.0,256.0,15.0,350.0,88.0,0.0,0.0,64.0,0.0,0.0,16.0,0.0,3425.0,2866.0,0.0,5603.0,0.0,6277.0,0.0,6592.0,961.0,1218.0,2790.0,0.0,0.0,4097.0,0.0,0.0,3112.0,0.0,8.0,6.0,0.0,10.0,0.0,11.0,0.0,12.0,2.0,3.0,5.0,0.0,0.0,9.0,0.0,0.0,7.0,test-01-09-3,2,0.12916666666666665,0.8458333333333334,0.025,22,22,222
worker6365862b94f7a68a41f98574,1,5f1438518427ec47e1e2ff38,1,2,0.3419285714285713,0.4901666666666666,0.1679047619047619,1.0,2.0,2.0,1.0,2.0,0.0,0.0,0.0,483,6705.0,0.036586701719794,0.616532721010333,0.6863840508270347,0.4932802053083001,0.5448774228405484,27.0,175.0,11.0,0.0,0.0,13.0,6.0,4.0,8.0,9.0,0.0,10.0,0.0,11.0,1.0,2.0,3.0,0.0,0.0,7.0,12.0,0.0,5.0,13167.0,2554.0,2186.0,4167.0,5361.0,0.0,5885.0,0.0,6171.0,1174.0,2050.0,2111.0,0.0,0.0,3456.0,6231.0,0.0,2315.0,0.0,5168.0,12.0,0.0,64.0,0.0,768.0,0.0,256.0,11.0,218.0,96.0,0.0,0.0,96.0,0.0,0.0,16.0,0.0,2554.0,2186.0,0.0,5361.0,0.0,5885.0,0.0,6171.0,1174.0,2050.0,2111.0,0.0,0.0,3456.0,0.0,0.0,2315.0,0.0,6.0,4.0,0.0,9.0,0.0,10.0,0.0,11.0,1.0,2.0,3.0,0.0,0.0,7.0,0.0,0.0,5.0,test-01-09-3,1,0.5758333333333334,0.2991666666666667,0.125,12,11,121
worker6365862b94f7a68a41f98574,1,5ed7a7a467a98224295459ff,2,2,0.3173333333333333,0.5116428571428571,0.1710238095238095,2.0,2.0,2.0,1.0,2.0,0.0,0.0,0.0,483,5703.0,0.0257289879931389,0.6579722866637406,0.492757766342672,0.4365163960122892,0.4919430685309424,11.0,141.0,32.0,0.0,0.0,0.0,6.0,4.0,7.0,9.0,0.0,10.0,0.0,11.0,1.0,2.0,3.0,0.0,0.0,8.0,12.0,0.0,5.0,0.0,3190.0,2459.0,3545.0,5973.0,0.0,7572.0,0.0,7794.0,698.0,790.0,2333.0,0.0,0.0,5343.0,7854.0,0.0,2954.0,0.0,4112.0,16.0,0.0,64.0,0.0,768.0,0.0,256.0,13.0,82.0,312.0,0.0,0.0,64.0,0.0,0.0,16.0,0.0,3190.0,2459.0,0.0,5973.0,0.0,7572.0,0.0,7794.0,698.0,790.0,2333.0,0.0,0.0,5343.0,0.0,0.0,2954.0,0.0,6.0,4.0,0.0,9.0,0.0,10.0,0.0,11.0,1.0,2.0,3.0,0.0,0.0,8.0,0.0,0.0,5.0,test-01-09-3,2,0.12916666666666668,0.7958333333333334,0.075,22,22,222
worker6365862b94f7a68a41f98574,2,612687a5a3c9d923c4050e47,3,1,0.46675,0.4537499999999999,0.0795,0.0,2.0,0.0,1.0,1.0,0.0,0.0,0.0,223,2076.0,0.0106966171948121,0.6864616796695732,0.8666934082096537,0.2019274896741624,0.2692978430472694,7.0,275.0,52.0,0.0,0.0,0.0,2.0,0.0,3.0,4.0,0.0,7.0,0.0,0.0,6.0,8.0,9.0,0.0,0.0,10.0,1.0,0.0,5.0,0.0,2021.0,0.0,2486.0,3141.0,0.0,4209.0,0.0,0.0,3539.0,8212.0,8394.0,0.0,0.0,9122.0,19.0,0.0,3150.0,0.0,1120.0,0.0,0.0,32.0,0.0,768.0,0.0,0.0,10.0,66.0,32.0,0.0,0.0,32.0,0.0,0.0,16.0,0.0,2021.0,0.0,0.0,3141.0,0.0,4209.0,0.0,0.0,3539.0,8212.0,8394.0,0.0,0.0,9122.0,0.0,0.0,3150.0,0.0,2.0,0.0,0.0,4.0,0.0,7.0,0.0,0.0,6.0,8.0,9.0,0.0,0.0,10.0,0.0,0.0,5.0,test-01-09-3,3,0.3166666666666667,0.20249999999999999,0.48083333333333333,31,33,313
worker6365862b94f7a68a41f98574,2,60a6ba026f8bd75b67b23c97,3,2,0.392809251389343,0.5309562765609676,0.0762344720496894,0.0,2.0,1.0,1.0,1.0,0.0,0.0,0.0,227,1220.0,0.0121580547112462,0.2877474755506082,0.4313346228239845,0.5700087461238769,0.7092311362010019,56.0,102.0,14.0,0.0,0.0,10.0,1.0,5.0,9.0,11.0,0.0,12.0,0.0,0.0,3.0,4.0,6.0,0.0,0.0,8.0,2.0,0.0,7.0,8545.0,2208.0,5211.0,6983.0,11857.0,0.0,12151.0,0.0,0.0,4934.0,5179.0,5316.0,0.0,0.0,5615.0,2918.0,0.0,5393.0,0.0,640.0,4.0,0.0,32.0,0.0,384.0,0.0,0.0,4.0,76.0,40.0,0.0,0.0,32.0,0.0,0.0,8.0,0.0,2208.0,5211.0,0.0,11857.0,0.0,12151.0,0.0,0.0,4934.0,5179.0,5316.0,0.0,0.0,5615.0,0.0,0.0,5393.0,0.0,1.0,5.0,0.0,11.0,0.0,12.0,0.0,0.0,3.0,4.0,6.0,0.0,0.0,8.0,0.0,0.0,7.0,test-01-09-3,3,0.13,0.3233333333333333,0.5466666666666666,32,33,323
worker6365862b94f7a68a41f98574,2,5f1438518427ec47e1e2ff38,2,1,0.5414642857142858,0.3753095238095237,0.0832261904761904,0.0,2.0,0.0,1.0,1.0,0.0,0.0,0.0,227,3159.0,0.0273133587154444,0.4766451002051444,0.7596424433040887,0.5037083793593183,0.5794540003156068,29.0,267.0,4.0,0.0,0.0,10.0,6.0,7.0,0.0,9.0,0.0,11.0,0.0,0.0,2.0,3.0,4.0,0.0,0.0,8.0,1.0,0.0,5.0,11897.0,3435.0,11468.0,0.0,11772.0,0.0,12306.0,0.0,0.0,2878.0,3024.0,3107.0,0.0,0.0,11583.0,2614.0,0.0,3219.0,0.0,2592.0,4.0,0.0,32.0,0.0,384.0,0.0,0.0,3.0,56.0,48.0,0.0,0.0,32.0,0.0,0.0,8.0,0.0,3435.0,11468.0,0.0,11772.0,0.0,12306.0,0.0,0.0,2878.0,3024.0,3107.0,0.0,0.0,11583.0,0.0,0.0,3219.0,0.0,6.0,7.0,0.0,9.0,0.0,11.0,0.0,0.0,2.0,3.0,4.0,0.0,0.0,8.0,0.0,0.0,5.0,test-01-09-3,2,0.35583333333333333,0.5941666666666667,0.05,21,22,212
worker6365862b94f7a68a41f98574,3,60a6ba026f8bd75b67b23c97,2,1,0.4884751950947603,0.4444450947603122,0.0670797101449275,0.0,2.0,1.0,1.0,1.0,0.0,0.0,0.0,483,1668.0,0.002680965147453,0.3882927610506085,0.7205609404000825,0.2439141575912876,0.3590647021140294,107.0,17.0,0.0,0.0,0.0,11.0,9.0,6.0,0.0,10.0,0.0,1.0,0.0,2.0,4.0,5.0,7.0,0.0,0.0,12.0,3.0,0.0,8.0,6836.0,6286.0,6009.0,0.0,6629.0,0.0,3071.0,0.0,3209.0,5522.0,5756.0,6113.0,0.0,0.0,8345.0,5182.0,0.0,6162.0,0.0,144.0,8.0,0.0,32.0,0.0,768.0,0.0,512.0,4.0,92.0,68.0,0.0,0.0,32.0,0.0,0.0,8.0,0.0,6286.0,6009.0,0.0,6629.0,0.0,3071.0,0.0,3209.0,5522.0,5756.0,6113.0,0.0,0.0,8345.0,0.0,0.0,6162.0,0.0,9.0,6.0,0.0,10.0,0.0,1.0,0.0,2.0,4.0,5.0,7.0,0.0,0.0,12.0,0.0,0.0,8.0,test-01-09-3,3,0.23333333333333334,0.2891666666666667,0.47750000000000004,21,23,213
worker6365862b94f7a68a41f98574,2,5ed7a7a467a98224295459ff,2,1,0.6436330532212886,0.3055272108843537,0.0508397358943577,0.0,0.0,2.0,0.0,1.0,0.0,0.0,0.0,67,5844.0,0.0353213665315576,0.725071723462319,0.87222543910442,0.4101182562451892,0.4200545798054719,32.0,119.0,33.0,0.0,0.0,10.0,8.0,3.0,7.0,0.0,0.0,0.0,0.0,0.0,2.0,4.0,5.0,0.0,0.0,9.0,1.0,0.0,6.0,6436.0,3951.0,2971.0,3512.0,0.0,0.0,0.0,0.0,0.0,2565.0,3078.0,3134.0,0.0,0.0,4072.0,2291.0,0.0,3365.0,0.0,5632.0,4.0,0.0,0.0,0.0,0.0,0.0,0.0,14.0,50.0,104.0,0.0,0.0,32.0,0.0,0.0,8.0,0.0,3951.0,2971.0,0.0,0.0,0.0,0.0,0.0,0.0,2565.0,3078.0,3134.0,0.0,0.0,4072.0,0.0,0.0,3365.0,0.0,8.0,3.0,0.0,0.0,0.0,0.0,0.0,0.0,2.0,4.0,5.0,0.0,0.0,9.0,0.0,0.0,6.0,test-01-09-3,2,0.275,0.6566666666666667,0.06833333333333333,21,22,212
worker6365862b94f7a68a41f98574,3,5f1438518427ec47e1e2ff38,2,1,0.8176914561068506,0.17481754749459,0.0074909963985594,0.0,0.0,1.0,0.0,1.0,0.0,0.0,0.0,0,0.0,0.0,0.1485288904643743,0.0,0.2678128323289613,0.5586671393123006,14.0,0.0,0.0,0.0,0.0,0.0,0.0,0.0,0.0,0.0,0.0,0.0,0.0,0.0,0.0,0.0,0.0,0.0,0.0,0.0,1.0,0.0,0.0,0.0,0.0,0.0,0.0,0.0,0.0,0.0,0.0,0.0,0.0,0.0,0.0,0.0,0.0,0.0,1505.0,0.0,0.0,0.0,0.0,0.0,0.0,0.0,0.0,0.0,0.0,0.0,0.0,0.0,0.0,0.0,0.0,0.0,0.0,0.0,0.0,0.0,0.0,0.0,0.0,0.0,0.0,0.0,0.0,0.0,0.0,0.0,0.0,0.0,0.0,0.0,0.0,0.0,0.0,0.0,0.0,0.0,0.0,0.0,0.0,0.0,0.0,0.0,0.0,0.0,0.0,0.0,0.0,0.0,0.0,0.0,0.0,test-01-09-3,2,0.11333333333333333,0.6923809523809523,0.19428571428571428,21,22,212
worker6365862b94f7a68a41f98574,3,612687a5a3c9d923c4050e47,3,1,0.4808507911936706,0.3991552779006339,0.1199939309056955,0.0,2.0,1.0,1.0,1.0,0.0,0.0,0.0,275,586.0,0.0006219550119208,0.5629997081995914,0.4240696589613351,0.1223810913335278,0.208695652173913,1.0,24.0,6.0,0.0,0.0,0.0,3.0,0.0,1.0,0.0,0.0,0.0,0.0,2.0,6.0,4.0,0.0,0.0,0.0,0.0,5.0,0.0,0.0,0.0,9961.0,0.0,1282.0,0.0,0.0,0.0,0.0,7559.0,10488.0,10271.0,0.0,0.0,0.0,0.0,10273.0,0.0,0.0,0.0,64.0,0.0,0.0,0.0,0.0,0.0,0.0,512.0,2.0,8.0,0.0,0.0,0.0,0.0,0.0,0.0,0.0,0.0,9961.0,0.0,0.0,0.0,0.0,0.0,0.0,7559.0,10488.0,10271.0,0.0,0.0,0.0,0.0,0.0,0.0,0.0,0.0,3.0,0.0,0.0,0.0,0.0,0.0,0.0,2.0,6.0,4.0,0.0,0.0,0.0,0.0,0.0,0.0,0.0,test-01-09-3,3,0.0,0.10154761904761904,0.8984523809523809,31,33,313
